,año,dia,mes,Festividad
0,año,dia,mes,festividad
1,2010,1,Enero,Año Nuevo
2,2010,3,Enero,Domingo
3,2010,10,Enero,Domingo
4,2010,11,Enero,Reyes Magos
5,2010,17,Enero,Domingo
6,2010,24,Enero,Domingo
7,2010,31,Enero,Domingo
8,2010,7,Febrero,Domingo
9,2010,14,Febrero,Dia de San Valentin
10,2010,14,Febrero,Domingo
11,2010,21,Febrero,Domingo
12,2010,28,Febrero,Domingo
13,2010,7,Marzo,Domingo
14,2010,8,Marzo,Dia Internacional de la Mujer
15,2010,13,Marzo,Dia de los Amigos
16,2010,14,Marzo,Domingo
17,2010,19,Marzo,Dia del Hombre
18,2010,21,Marzo,Domingo
19,2010,22,Marzo,San Jose
20,2010,28,Marzo,Domingo de Ramos
21,2010,28,Marzo,Domingo
22,2010,1,Abril,Jueves Santo
23,2010,2,Abril,Viernes Santo
24,2010,4,Abril,Domingo de Pascua o Resurreccion
25,2010,4,Abril,Domingo
26,2010,11,Abril,Domingo
27,2010,18,Abril,Domingo
28,2010,22,Abril,Dia de la Tierra
29,2010,24,Abril,Dia del Niño
30,2010,25,Abril,Domingo
31,2010,1,Mayo,Dia del Trabajo
32,2010,2,Mayo,Domingo
33,2010,9,Mayo,Dia de la Madre
34,2010,9,Mayo,Domingo
35,2010,15,Mayo,Dia del Maestro
36,2010,16,Mayo,Domingo
37,2010,17,Mayo,Dia de la Ascension
38,2010,21,Mayo,Dia de la Afrocolombianidad
39,2010,23,Mayo,Domingo
40,2010,30,Mayo,Domingo
41,2010,1,Junio,Dia del Campesino
42,2010,5,Junio,Dia del Medio Ambiente
43,2010,6,Junio,Domingo
44,2010,7,Junio,Dia de Corpus Christi
45,2010,13,Junio,Domingo
46,2010,14,Junio,Dia del Sagrado Corazon de Jesus
47,2010,20,Junio,Dia del Padre
48,2010,20,Junio,Domingo
49,2010,27,Junio,Domingo
50,2010,4,Julio,Domingo
51,2010,5,Julio,Dia de San Pedro y San Pablo
52,2010,11,Julio,Domingo
53,2010,18,Julio,Domingo
54,2010,20,Julio,Dia de la independencia
55,2010,25,Julio,Domingo
56,2010,1,Agosto,Domingo
57,2010,7,Agosto,Batalla de Boyaca
58,2010,7,Agosto,Dia del Ejercito Nacional
59,2010,8,Agosto,Domingo
60,2010,15,Agosto,Domingo
61,2010,16,Agosto,Asuncion de la Virgen
62,2010,17,Agosto,Dia del Ingeniero
63,2010,21,Agosto,Festival Internacional de Cine de Santander
64,2010,22,Agosto,Dia del Adulto Mayor
65,2010,22,Agosto,Domingo
66,2010,24,Agosto,Festival Internacional del Piano de Santander la IUS
67,2010,25,Agosto,Festival Internacional del Piano de Santander la IUS
68,2010,26,Agosto,Festival Internacional del Piano de Santander la IUS
69,2010,27,Agosto,Festival Internacional del Piano de Santander la IUS
70,2010,28,Agosto,Festival Internacional del Piano de Santander la IUS
71,2010,29,Agosto,Festival Internacional del Piano de Santander la IUS
72,2010,29,Agosto,Domingo
73,2010,30,Agosto,Festival Internacional del Piano de Santander la IUS
74,2010,31,Agosto,Festival Internacional del Piano de Santander la IUS
75,2010,1,Septiembre,Festival Internacional del Piano de Santander la IUS
76,2010,2,Septiembre,Festival Internacional del Piano de Santander la IUS
77,2010,3,Septiembre,Festival Internacional del Piano de Santander la IUS
78,2010,4,Septiembre,Festival Internacional del Piano de Santander la IUS
79,2010,5,Septiembre,Festival Internacional del Piano de Santander la IUS
80,2010,5,Septiembre,Domingo
81,2010,6,Septiembre,Festival Internacional del Piano de Santander la IUS
82,2010,7,Septiembre,Festival Internacional del Piano de Santander la IUS
83,2010,8,Septiembre,Festival Internacional del Piano de Santander la IUS
84,2010,9,Septiembre,Festival Internacional del Piano de Santander la IUS
85,2010,10,Septiembre,Festival Internacional del Piano de Santander la IUS
86,2010,10,Septiembre,Feria Bonita
87,2010,11,Septiembre,Feria Bonita
88,2010,12,Septiembre,Feria Bonita
89,2010,12,Septiembre,Domingo
90,2010,13,Septiembre,Feria Bonita
91,2010,14,Septiembre,Feria Bonita
92,2010,15,Septiembre,Feria Bonita
93,2010,16,Septiembre,Feria Bonita
94,2010,17,Septiembre,Feria Bonita
95,2010,18,Septiembre,Feria Bonita
96,2010,18,Septiembre,Dia de Amor y Amistad
97,2010,19,Septiembre,Feria Bonita
98,2010,19,Septiembre,Domingo
99,2010,26,Septiembre,Dia de la Seguridad Social
100,2010,26,Septiembre,Domingo
101,2010,27,Septiembre,Dia del Turismo
102,2010,3,Octubre,Domingo
103,2010,10,Octubre,Domingo
104,2010,17,Octubre,Domingo
105,2010,18,Octubre,Dia de la Raza
106,2010,24,Octubre,Domingo
107,2010,31,Octubre,Halloween
108,2010,31,Octubre,Domingo
109,2010,1,Noviembre,Dia de todos los Santos
110,2010,5,Noviembre,Dia de la Policia
111,2010,7,Noviembre,Domingo
112,2010,14,Noviembre,Domingo
113,2010,15,Noviembre,Independencia de Cartagena
114,2010,21,Noviembre,Domingo
115,2010,28,Noviembre,Domingo
116,2010,5,Diciembre,Domingo
117,2010,7,Diciembre,Dia de las Velitas
118,2010,8,Diciembre,Inmaculada Concepcion
119,2010,12,Diciembre,Domingo
120,2010,19,Diciembre,Domingo
121,2010,24,Diciembre,Noche Buena
122,2010,25,Diciembre,Navidad
123,2010,26,Diciembre,Domingo
124,2010,28,Diciembre,Dia de los Inocentes
125,2010,31,Diciembre,Año Viejo
126,2011,1,Enero,Año Nuevo
127,2011,2,Enero,Domingo
128,2011,9,Enero,Domingo
129,2011,10,Enero,Reyes Magos
130,2011,16,Enero,Domingo
131,2011,23,Enero,Domingo
132,2011,30,Enero,Domingo
133,2011,6,Febrero,Domingo
134,2011,13,Febrero,Domingo
135,2011,14,Febrero,Dia de San Valentin
136,2011,20,Febrero,Domingo
137,2011,27,Febrero,Domingo
138,2011,6,Marzo,Domingo
139,2011,8,Marzo,Dia Internacional de la Mujer
140,2011,12,Marzo,Dia de los Amigos
141,2011,13,Marzo,Domingo
142,2011,19,Marzo,Dia del Hombre
143,2011,20,Marzo,Domingo
144,2011,21,Marzo,San Jose
145,2011,27,Marzo,Domingo
146,2011,3,Abril,Domingo
147,2011,10,Abril,Domingo
148,2011,17,Abril,Domingo de Ramos
149,2011,17,Abril,Domingo
150,2011,21,Abril,Jueves Santo
151,2011,22,Abril,Viernes Santo
152,2011,22,Abril,Dia de la Tierra
153,2011,24,Abril,Domingo de Pascua o Resurreccion
154,2011,24,Abril,Domingo
155,2011,30,Abril,Dia del Niño
156,2011,1,Mayo,Dia del Trabajo
157,2011,1,Mayo,Domingo
158,2011,6,Mayo,Dia de la Ascension
159,2011,8,Mayo,Dia de la Madre
160,2011,8,Mayo,Domingo
161,2011,15,Mayo,Dia del Maestro
162,2011,15,Mayo,Domingo
163,2011,21,Mayo,Dia de la Afrocolombianidad
164,2011,22,Mayo,Domingo
165,2011,29,Mayo,Domingo
166,2011,1,Junio,Dia del Campesino
167,2011,5,Junio,Dia del Medio Ambiente
168,2011,5,Junio,Domingo
169,2011,12,Junio,Domingo
170,2011,19,Junio,Dia del Padre
171,2011,19,Junio,Domingo
172,2011,26,Junio,Domingo
173,2011,27,Junio,Dia de Corpus Christi
174,2011,3,Julio,Domingo
175,2011,4,Julio,Dia de San Pedro y San Pablo
176,2011,4,Julio,Dia del Sagrado Corazon de Jesus
177,2011,10,Julio,Domingo
178,2011,17,Julio,Domingo
179,2011,20,Julio,Dia de la independencia
180,2011,24,Julio,Domingo
181,2011,31,Julio,Domingo
182,2011,7,Agosto,Batalla de Boyaca
183,2011,7,Agosto,Dia del Ejercito Nacional
184,2011,7,Agosto,Domingo
185,2011,14,Agosto,Domingo
186,2011,15,Agosto,Asuncion de la Virgen
187,2011,16,Agosto,Festival Internacional del Piano de Santander la IUS
188,2011,17,Agosto,Festival Internacional del Piano de Santander la IUS
189,2011,17,Agosto,Dia del Ingeniero
190,2011,18,Agosto,Festival Internacional del Piano de Santander la IUS
191,2011,19,Agosto,Festival Internacional del Piano de Santander la IUS
192,2011,20,Agosto,Festival Internacional del Piano de Santander la IUS
193,2011,21,Agosto,Festival Internacional del Piano de Santander la IUS
194,2011,21,Agosto,Domingo
195,2011,22,Agosto,Festival Internacional del Piano de Santander la IUS
196,2011,23,Agosto,Festival Internacional del Piano de Santander la IUS
197,2011,24,Agosto,Festival Internacional del Piano de Santander la IUS
198,2011,25,Agosto,Festival Internacional del Piano de Santander la IUS
199,2011,26,Agosto,Festival Internacional del Piano de Santander la IUS
200,2011,28,Agosto,Dia del Adulto Mayor
201,2011,28,Agosto,Domingo
202,2011,4,Septiembre,Domingo
203,2011,9,Septiembre,Feria Bonita
204,2011,10,Septiembre,Feria Bonita
205,2011,11,Septiembre,Feria Bonita
206,2011,11,Septiembre,Domingo
207,2011,12,Septiembre,Feria Bonita
208,2011,13,Septiembre,Feria Bonita
209,2011,14,Septiembre,Feria Bonita
210,2011,15,Septiembre,Feria Bonita
211,2011,16,Septiembre,Feria Bonita
212,2011,17,Septiembre,Feria Bonita
213,2011,17,Septiembre,Dia de Amor y Amistad
214,2011,18,Septiembre,Feria Bonita
215,2011,18,Septiembre,Domingo
216,2011,25,Septiembre,Domingo
217,2011,26,Septiembre,Dia de la Seguridad Social
218,2011,27,Septiembre,Dia del Turismo
219,2011,2,Octubre,Domingo
220,2011,9,Octubre,Domingo
221,2011,16,Octubre,Domingo
222,2011,17,Octubre,Dia de la Raza
223,2011,23,Octubre,Domingo
224,2011,30,Octubre,Domingo
225,2011,31,Octubre,Halloween
226,2011,5,Noviembre,Dia de la Policia
227,2011,6,Noviembre,Domingo
228,2011,7,Noviembre,Dia de todos los Santos
229,2011,12,Noviembre,Concurso Nacional del Tiple
230,2011,13,Noviembre,Concurso Nacional del Tiple
231,2011,13,Noviembre,Domingo
232,2011,14,Noviembre,Independencia de Cartagena
233,2011,20,Noviembre,Domingo
234,2011,27,Noviembre,Domingo
235,2011,4,Noviembre,Domingo
236,2011,7,Diciembre,Dia de las Velitas
237,2011,8,Diciembre,Inmaculada Concepcion
238,2011,11,Diciembre,Domingo
239,2011,18,Diciembre,Domingo
240,2011,24,Diciembre,Noche Buena
241,2011,25,Diciembre,Navidad
242,2011,25,Diciembre,Domingo
243,2011,28,Diciembre,Dia de los Inocentes
244,2011,31,Diciembre,Año Viejo
245,2012,1,Enero,Año Nuevo
246,2012,1,Enero,Domingo
247,2012,8,Enero,Domingo
248,2012,9,Enero,Reyes Magos
249,2012,15,Enero,Domingo
250,2012,22,Enero,Domingo
251,2012,29,Enero,Domingo
252,2012,5,Febrero,Domingo
253,2012,12,Febrero,Domingo
254,2012,14,Febrero,Dia de San Valentin
255,2012,19,Febrero,Domingo
256,2012,26,Febrero,Domingo
257,2012,4,Marzo,Domingo
258,2012,8,Marzo,Dia Internacional de la Mujer
259,2012,10,Marzo,Dia de los Amigos
260,2012,11,Marzo,Domingo
261,2012,18,Marzo,Domingo
262,2012,19,Marzo,San Jose
263,2012,19,Marzo,Dia del Hombre
264,2012,25,Marzo,Domingo
265,2012,1,Abril,Domingo de Ramos
266,2012,1,Abril,Domingo
267,2012,5,Abril,Jueves Santo
268,2012,6,Abril,Viernes Santo
269,2012,8,Abril,Domingo de Pascua o Resurreccion
270,2012,8,Abril,Domingo
271,2012,22,Abril,Dia de la Tierra
272,2012,22,Abril,Domingo
273,2012,28,Abril,Dia del Niño
274,2012,29,Abril,Domingo
275,2012,1,Mayo,Dia del Trabajo
276,2012,6,Mayo,Domingo
277,2012,13,Mayo,Dia de la Madre
278,2012,13,Mayo,Domingo
279,2012,15,Mayo,Dia del Maestro
280,2012,20,Mayo,Domingo
281,2012,21,Mayo,Dia de la Afrocolombianidad
282,2012,21,Mayo,Dia de la Ascension
283,2012,27,Mayo,Domingo
284,2012,1,Junio,Dia del Campesino
285,2012,3,Junio,Domingo
286,2012,5,Junio,Dia del Medio Ambiente
287,2012,10,Junio,Domingo
288,2012,11,Junio,Dia de Corpus Christi
289,2012,17,Junio,Dia del Padre
290,2012,17,Junio,Domingo
291,2012,18,Junio,Dia del Sagrado Corazon de Jesus
292,2012,24,Junio,Domingo
293,2012,1,Julio,Domingo
294,2012,2,Julio,Dia de San Pedro y San Pablo
295,2012,8,Julio,Domingo
296,2012,15,Julio,Domingo
297,2012,20,Julio,Dia de la independencia
298,2012,22,Julio,Domingo
299,2012,29,Julio,Domingo
300,2012,1,Agosto,Festival Internacional de Cine de Santander
301,2012,2,Agosto,Festival Internacional de Cine de Santander
302,2012,3,Agosto,Festival Internacional de Cine de Santander
303,2012,4,Agosto,Festival Internacional de Cine de Santander
304,2012,5,Agosto,Domingo
305,2012,7,Agosto,Dia del Ejercito Nacional
306,2012,7,Agosto,Batalla de Boyaca
307,2012,12,Agosto,Domingo
308,2012,13,Agosto,Festival Internacional del Piano de Santander la IUS
309,2012,14,Agosto,Festival Internacional del Piano de Santander la IUS
310,2012,15,Agosto,Festival Internacional del Piano de Santander la IUS
311,2012,16,Agosto,Festival Internacional del Piano de Santander la IUS
312,2012,17,Agosto,Dia del Ingeniero
313,2012,18,Agosto,Festival Internacional del Piano de Santander la IUS
314,2012,19,Agosto,Festival Internacional del Piano de Santander la IUS
315,2012,19,Agosto,Domingo
316,2012,20,Agosto,Asuncion de la Virgen
317,2012,21,Agosto,Festival Internacional del Piano de Santander la IUS
318,2012,22,Agosto,Festival Internacional del Piano de Santander la IUS
319,2012,23,Agosto,Festival Internacional del Piano de Santander la IUS
320,2012,24,Agosto,Festival Internacional del Piano de Santander la IUS
321,2012,25,Agosto,Festival Internacional del Piano de Santander la IUS
322,2012,26,Agosto,Dia del Adulto Mayor
323,2012,26,Agosto,Domingo
324,2012,27,Agosto,Festival Internacional del Piano de Santander la IUS
325,2012,28,Agosto,Festival Internacional del Piano de Santander la IUS
326,2012,29,Agosto,Festival Internacional del Piano de Santander la IUS
327,2012,30,Agosto,Festival Internacional del Piano de Santander la IUS
328,2012,31,Agosto,Festival Internacional del Piano de Santander la IUS
329,2012,2,Septiembre,Domingo
330,2012,9,Septiembre,Domingo
331,2012,13,Septiembre,Feria Bonita
332,2012,14,Septiembre,Feria Bonita
333,2012,15,Septiembre,Dia de Amor y Amistad
334,2012,16,Septiembre,Feria Bonita
335,2012,16,Septiembre,Domingo
336,2012,17,Septiembre,Feria Bonita
337,2012,18,Septiembre,Feria Bonita
338,2012,19,Septiembre,Feria Bonita
339,2012,20,Septiembre,Feria Bonita
340,2012,21,Septiembre,Feria Bonita
341,2012,22,Septiembre,Feria Bonita
342,2012,23,Septiembre,Feria Bonita
343,2012,23,Septiembre,Domingo
344,2012,26,Septiembre,Dia de la Seguridad Social
345,2012,27,Septiembre,Dia del Turismo
346,2012,30,Septiembre,Domingo
347,2012,7,Octubre,Domingo
348,2012,14,Octubre,Domingo
349,2012,15,Octubre,Dia de la Raza
350,2012,21,Octubre,Domingo
351,2012,28,Octubre,Domingo
352,2012,31,Octubre,Halloween
353,2012,4,Noviembre,Domingo
354,2012,5,Noviembre,Dia de todos los Santos
355,2012,5,Noviembre,Dia de la Policia
356,2012,11,Noviembre,Domingo
357,2012,12,Noviembre,Independencia de Cartagena
358,2012,18,Noviembre,Domingo
359,2012,25,Noviembre,Domingo
360,2012,2,Diciembre,Domingo
361,2012,7,Diciembre,Dia de las Velitas
362,2012,8,Diciembre,Inmaculada Concepcion
363,2012,9,Diciembre,Domingo
364,2012,16,Diciembre,Domingo
365,2012,23,Diciembre,Domingo
366,2012,24,Diciembre,Noche Buena
367,2012,25,Diciembre,Navidad
368,2012,28,Diciembre,Dia de los Inocentes
369,2012,30,Diciembre,Domingo
370,2012,31,Diciembre,Año Viejo
371,2013,1,Enero,Año Nuevo
372,2013,6,Enero,Domingo
373,2013,7,Enero,Reyes Magos
374,2013,13,Enero,Domingo
375,2013,20,Enero,Domingo
376,2013,27,Enero,Domingo
377,2013,3,Febrero,Domingo
378,2013,10,Febrero,Domingo
379,2013,14,Febrero,Domingo
380,2013,17,Febrero,Domingo
381,2013,24,Febrero,Domingo
382,2013,3,Marzo,Domingo
383,2013,8,Marzo,Dia Internacional de la Mujer
384,2013,9,Marzo,Dia de los Amigos
385,2013,10,Marzo,Domingo
386,2013,17,Marzo,Domingo
387,2013,19,Marzo,Dia del Hombre
388,2013,24,Marzo,Domingo de Ramos
389,2013,24,Marzo,Domingo
390,2013,25,Marzo,San Jose
391,2013,28,Marzo,Jueves Santo
392,2013,29,Marzo,Viernes Santo
393,2013,31,Marzo,Domingo de Pascua o Resurreccion
394,2013,31,Marzo,Domingo
395,2013,7,Abril,Domingo
396,2013,14,Abril,Domingo
397,2013,21,Abril,Domingo
398,2013,22,Abril,Dia de la Tierra
399,2013,27,Abril,Dia del Niño
400,2013,28,Abril,Domingo
401,2013,1,Mayo,Dia del Trabajo
402,2013,5,Mayo,Domingo
403,2013,12,Mayo,Dia de la Madre
404,2013,12,Mayo,Domingo
405,2013,13,Mayo,Dia de la Ascension
406,2013,15,Mayo,Dia del Maestro
407,2013,19,Mayo,Domingo
408,2013,21,Mayo,Dia de la Afrocolombianidad
409,2013,26,Mayo,Domingo
410,2013,1,Junio,Dia del Campesino
411,2013,2,Junio,Domingo
412,2013,3,Junio,Dia de Corpus Christi
413,2013,5,Junio,Dia del Medio Ambiente
414,2013,9,Junio,Domingo
415,2013,10,Junio,Dia del Sagrado Corazon de Jesus
416,2013,16,Junio,Dia del Padre
417,2013,16,Junio,Domingo
418,2013,23,Junio,Domingo
419,2013,30,Junio,Domingo
420,2013,1,Julio,Dia de San Pedro y San Pablo
421,2013,7,Julio,Domingo
422,2013,14,Julio,Domingo
423,2013,20,Julio,Dia de la independencia
424,2013,21,Julio,Domingo
425,2013,28,Julio,Domingo
426,2013,4,Agosto,Domingo
427,2013,5,Agosto,Festival Internacional del Piano de Santander la IUS
428,2013,5,Agosto,Festival Internacional de Cine de Santander
429,2013,6,Agosto,Festival Internacional de Cine de Santander
430,2013,6,Agosto,Festival Internacional del Piano de Santander la IUS
431,2013,7,Agosto,Festival Internacional de Cine de Santander
432,2013,7,Agosto,Festival Internacional del Piano de Santander la IUS
433,2013,7,Agosto,Batalla de Boyaca
434,2013,7,Agosto,Dia del Ejercito Nacional
435,2013,8,Agosto,Festival Internacional de Cine de Santander
436,2013,8,Agosto,Festival Internacional del Piano de Santander la IUS
437,2013,9,Agosto,Festival Internacional de Cine de Santander
438,2013,9,Agosto,Festival Internacional del Piano de Santander la IUS
439,2013,10,Agosto,Festival Internacional del Piano de Santander la IUS
440,2013,11,Agosto,Festival Internacional del Piano de Santander la IUS
441,2013,11,Agosto,Domingo
442,2013,12,Agosto,Festival Internacional del Piano de Santander la IUS
443,2013,13,Agosto,Festival Internacional del Piano de Santander la IUS
444,2013,14,Agosto,Festival Internacional del Piano de Santander la IUS
445,2013,15,Agosto,Festival Internacional del Piano de Santander la IUS
446,2013,16,Agosto,Festival Internacional del Piano de Santander la IUS
447,2013,17,Agosto,Festival Internacional del Piano de Santander la IUS
448,2013,17,Agosto,Dia del Ingeniero
449,2013,18,Agosto,Festival Internacional del Piano de Santander la IUS
450,2013,18,Agosto,Domingo
451,2013,19,Agosto,Festival Internacional del Piano de Santander la IUS
452,2013,19,Agosto,Asuncion de la Virgen
453,2013,20,Agosto,Festival Internacional del Piano de Santander la IUS
454,2013,21,Agosto,Festival Internacional del Piano de Santander la IUS
455,2013,22,Agosto,Festival Internacional del Piano de Santander la IUS
456,2013,23,Agosto,Festival Internacional del Piano de Santander la IUS
457,2013,24,Agosto,Festival Internacional del Piano de Santander la IUS
458,2013,25,Agosto,Festival Internacional del Piano de Santander la IUS
459,2013,25,Agosto,Dia del Adulto Mayor
460,2013,25,Agosto,Domingo
461,2013,26,Agosto,Festival Internacional del Piano de Santander la IUS
462,2013,27,Agosto,Festival Internacional del Piano de Santander la IUS
463,2013,28,Agosto,Festival Internacional del Piano de Santander la IUS
464,2013,29,Agosto,Festival Internacional del Piano de Santander la IUS
465,2013,30,Agosto,Festival Internacional del Piano de Santander la IUS
466,2013,31,Agosto,Festival Internacional del Piano de Santander la IUS
467,2013,1,Septiembre,Domingo
468,2013,8,Septiembre,Domingo
469,2013,13,Septiembre,Feria Bonita
470,2013,14,Septiembre,Feria Bonita
471,2013,15,Septiembre,Feria Bonita
472,2013,15,Septiembre,Domingo
473,2013,16,Septiembre,Feria Bonita
474,2013,17,Septiembre,Feria Bonita
475,2013,18,Septiembre,Feria Bonita
476,2013,19,Septiembre,Feria Bonita
477,2013,20,Septiembre,Feria Bonita
478,2013,21,Septiembre,Feria Bonita
479,2013,21,Septiembre,Dia de Amor y Amistad
480,2013,22,Septiembre,Feria Bonita
481,2013,22,Septiembre,Domingo
482,2013,26,Septiembre,Dia de la Seguridad Social
483,2013,27,Septiembre,Dia del Turismo
484,2013,29,Septiembre,Domingo
485,2013,6,Octubre,Domingo
486,2013,13,Octubre,Domingo
487,2013,14,Octubre,Dia de la Raza
488,2013,20,Octubre,Domingo
489,2013,27,Octubre,Domingo
490,2013,31,Octubre,Halloween
491,2013,3,Noviembre,Domingo
492,2013,4,Noviembre,Dia de todos los Santos
493,2013,5,Noviembre,Dia de la Policia
494,2013,10,Noviembre,Domingo
495,2013,11,Noviembre,Independencia de Cartagena
496,2013,17,Noviembre,Domingo
497,2013,24,Noviembre,Domingo
498,2013,1,Diciembre,Domingo
499,2013,7,Diciembre,Dia de las Velitas
500,2013,8,Diciembre,Inmaculada Concepcion
501,2013,8,Diciembre,Domingo
502,2013,15,Diciembre,Domingo
503,2013,22,Diciembre,Domingo
504,2013,24,Diciembre,Noche Buena
505,2013,25,Diciembre,Navidad
506,2013,28,Diciembre,Dia de los Inocentes
507,2013,29,Diciembre,Domingo
508,2013,31,Diciembre,Año Viejo
509,2014,1,Enero,Año Nuevo
510,2014,5,Enero,Domingo
511,2014,6,Enero,Reyes Magos
512,2014,12,Enero,Domingo
513,2014,19,Enero,Domingo
514,2014,26,Enero,Domingo
515,2014,2,Febrero,Domingo
516,2014,9,Febrero,Domingo
517,2014,12,Febrero,Dia de San Valentin
518,2014,16,Febrero,Domingo
519,2014,23,Febrero,Domingo
520,2014,2,Marzo,Domingo
521,2014,8,Marzo,Dia Internacional de la Mujer
522,2014,9,Marzo,Domingo
523,2014,15,Marzo,Dia de los Amigos
524,2014,16,Marzo,Domingo
525,2014,19,Marzo,Dia del Hombre
526,2014,23,Marzo,Domingo
527,2014,24,Marzo,San Jose
528,2014,30,Marzo,Domingo
529,2014,6,Abril,Domingo
530,2014,13,Abril,Domingo de Ramos
531,2014,13,Abril,Domingo
532,2014,17,Abril,Jueves Santo
533,2014,18,Abril,Viernes Santo
534,2014,20,Abril,Domingo de Pascua o Resurreccion
535,2014,20,Abril,Domingo
536,2014,22,Abril,Dia de la Tierra
537,2014,26,Abril,Dia del Niño
538,2014,27,Abril,Domingo
539,2014,1,Mayo,Dia del Trabajo
540,2014,4,Mayo,Domingo
541,2014,11,Mayo,Dia de la Madre
542,2014,11,Mayo,Domingo
543,2014,15,Mayo,Dia del Maestro
544,2014,18,Mayo,Domingo
545,2014,21,Mayo,Dia de la Afrocolombianidad
546,2014,28,Mayo,Domingo
547,2014,1,Junio,Dia del Campesino
548,2014,2,Junio,Dia de la Ascension
549,2014,5,Junio,Dia del Medio Ambiente
550,2014,8,Junio,Domingo
551,2014,15,Junio,Dia del Padre
552,2014,15,Junio,Domingo
553,2014,23,Junio,Dia de Corpus Christi
554,2014,29,Junio,Domingo
555,2014,30,Junio,Dia de San Pedro y San Pablo
556,2014,30,Junio,Dia del Sagrado Corazon de Jesus
557,2014,6,Julio,Domingo
558,2014,13,Julio,Domingo
559,2014,20,Julio,Dia de la independencia
560,2014,20,Julio,Domingo
561,2014,27,Julio,Domingo
562,2014,3,Agosto,Domingo
563,2014,4,Agosto,Festival Internacional de Cine de Santander
564,2014,5,Agosto,Festival Internacional de Cine de Santander
565,2014,6,Agosto,Festival Internacional de Cine de Santander
566,2014,7,Agosto,Festival Internacional de Cine de Santander
567,2014,7,Agosto,Dia del Ejercito Nacional
568,2014,7,Agosto,Batalla de Boyaca
569,2014,8,Agosto,Festival Internacional de Cine de Santander
570,2014,9,Agosto,Festival Internacional de Cine de Santander
571,2014,10,Agosto,Domingo
572,2014,11,Agosto,Festival Internacional del Piano de Santander la IUS
573,2014,12,Agosto,Festival Internacional del Piano de Santander la IUS
574,2014,13,Agosto,Festival Internacional del Piano de Santander la IUS
575,2014,14,Agosto,Festival Internacional del Piano de Santander la IUS
576,2014,15,Agosto,Festival Internacional del Piano de Santander la IUS
577,2014,16,Agosto,Festival Internacional del Piano de Santander la IUS
578,2014,17,Agosto,Festival Internacional del Piano de Santander la IUS
579,2014,17,Agosto,Dia del Ingeniero
580,2014,17,Agosto,Domingo
581,2014,18,Agosto,Festival Internacional del Piano de Santander la IUS
582,2014,18,Agosto,Asuncion de la Virgen
583,2014,19,Agosto,Festival Internacional del Piano de Santander la IUS
584,2014,20,Agosto,Festival Internacional del Piano de Santander la IUS
585,2014,21,Agosto,Festival Internacional del Piano de Santander la IUS
586,2014,22,Agosto,Festival Internacional del Piano de Santander la IUS
587,2014,23,Agosto,Festival Internacional del Piano de Santander la IUS
588,2014,24,Agosto,Festival Internacional del Piano de Santander la IUS
589,2014,24,Agosto,Dia del Adulto Mayor
590,2014,24,Agosto,Domingo
591,2014,25,Agosto,Festival Internacional del Piano de Santander la IUS
592,2014,26,Agosto,Festival Internacional del Piano de Santander la IUS
593,2014,27,Agosto,Festival Internacional del Piano de Santander la IUS
594,2014,28,Agosto,Festival Internacional del Piano de Santander la IUS
595,2014,29,Agosto,Festival Internacional del Piano de Santander la IUS
596,2014,30,Agosto,Festival Internacional del Piano de Santander la IUS
597,2014,31,Agosto,Domingo
598,2014,7,Septiembre,Domingo
599,2014,12,Septiembre,Feria Bonita
600,2014,13,Septiembre,Feria Bonita
601,2014,14,Septiembre,Feria Bonita
602,2014,14,Septiembre,Domingo
603,2014,15,Septiembre,Feria Bonita
604,2014,16,Septiembre,Feria Bonita
605,2014,17,Septiembre,Feria Bonita
606,2014,18,Septiembre,Feria Bonita
607,2014,19,Septiembre,Feria Bonita
608,2014,20,Septiembre,Dia de Amor y Amistad
609,2014,20,Septiembre,Feria Bonita
610,2014,21,Septiembre,Feria Bonita
611,2014,21,Septiembre,Domingo
612,2014,26,Septiembre,Dia de la Seguridad Social
613,2014,27,Septiembre,Dia del Turismo
614,2014,28,Septiembre,Domingo
615,2014,5,Octubre,Domingo
616,2014,12,Octubre,Domingo
617,2014,13,Octubre,Dia de la Raza
618,2014,19,Octubre,Domingo
619,2014,26,Octubre,Domingo
620,2014,31,Octubre,Halloween
621,2014,2,Noviembre,Domingo
622,2014,3,Noviembre,Dia de todos los Santos
623,2014,5,Noviembre,Dia de la Policia
624,2014,9,Noviembre,Domingo
625,2014,16,Noviembre,Domingo
626,2014,17,Noviembre,Independencia de Cartagena
627,2014,23,Noviembre,Domingo
628,2014,30,Noviembre,Domingo
629,2014,7,Diciembre,Dia de las Velitas
630,2014,7,Diciembre,Domingo
631,2014,8,Diciembre,Inmaculada Concepcion
632,2014,14,Diciembre,Domingo
633,2014,21,Diciembre,Domingo
634,2014,24,Diciembre,Noche Buena
635,2014,25,Diciembre,Navidad
636,2014,28,Diciembre,Dia de los Inocentes
637,2014,28,Diciembre,Domingo
638,2014,31,Diciembre,Año Viejo
639,2015,1,Enero,Año Nuevo
640,2015,4,Enero,Domingo
641,2015,11,Enero,Domingo
642,2015,12,Enero,Reyes Magos
643,2015,18,Enero,Domingo
644,2015,25,Enero,Domingo
645,2015,1,Febrero,Domingo
646,2015,8,Febrero,Domingo
647,2015,14,Febrero,Dia de San Valentin
648,2015,15,Febrero,Domingo
649,2015,22,Febrero,Domingo
650,2015,1,Marzo,Domingo
651,2015,8,Marzo,Dia Internacional de la Mujer
652,2015,8,Marzo,Domingo
653,2015,14,Marzo,Dia de los Amigos
654,2015,15,Marzo,Domingo
655,2015,19,Marzo,Dia del Hombre
656,2015,22,Marzo,Domingo
657,2015,23,Marzo,San Jose
658,2015,29,Marzo,Domingo de Ramos
659,2015,29,Marzo,Domingo
660,2015,2,Abril,Jueves Santo
661,2015,3,Abril,Viernes Santo
662,2015,5,Abril,Domingo de Pascua o Resurreccion
663,2015,5,Abril,Domingo
664,2015,12,Abril,Domingo
665,2015,19,Abril,Domingo
666,2015,22,Abril,Dia de la Tierra
667,2015,25,Abril,Dia del Niño
668,2015,26,Abril,Domingo
669,2015,1,Mayo,Dia del Trabajo
670,2015,3,Mayo,Domingo
671,2015,10,Mayo,Dia de la Madre
672,2015,10,Mayo,Domingo
673,2015,15,Mayo,Dia del Maestro
674,2015,17,Mayo,Domingo
675,2015,18,Mayo,Dia de la Ascension
676,2015,21,Mayo,Dia de la Afrocolombianidad
677,2015,24,Mayo,Domingo
678,2015,31,Mayo,Domingo
679,2015,1,Junio,Dia del Campesino
680,2015,5,Junio,Dia del Medio Ambiente
681,2015,7,Junio,Domingo
682,2015,8,Junio,Dia de Corpus Christi
683,2015,14,Junio,Domingo
684,2015,15,Junio,Dia del Sagrado Corazon de Jesus
685,2015,21,Junio,Dia del Padre
686,2015,21,Junio,Domingo
687,2015,28,Junio,Domingo
688,2015,29,Junio,Dia de San Pedro y San Pablo
689,2015,5,Julio,Domingo
690,2015,12,Julio,Domingo
691,2015,19,Julio,Domingo
692,2015,20,Julio,Dia de la independencia
693,2015,26,Julio,Domingo
694,2015,2,Agosto,Domingo
695,2015,4,Agosto,Festival Internacional de Cine de Santander
696,2015,5,Agosto,Festival Internacional de Cine de Santander
697,2015,6,Agosto,Festival Internacional de Cine de Santander
698,2015,7,Agosto,Festival Internacional de Cine de Santander
699,2015,7,Agosto,Dia del Ejercito Nacional
700,2015,7,Agosto,Batalla de Boyaca
701,2015,8,Agosto,Festival Internacional de Cine de Santander
702,2015,9,Agosto,Domingo
703,2015,10,Agosto,Festival Internacional del Piano de Santander la IUS
704,2015,11,Agosto,Festival Internacional del Piano de Santander la IUS
705,2015,12,Agosto,Festival Internacional del Piano de Santander la IUS
706,2015,13,Agosto,Festival Internacional del Piano de Santander la IUS
707,2015,14,Agosto,Festival Internacional del Piano de Santander la IUS
708,2015,15,Agosto,Festival Internacional del Piano de Santander la IUS
709,2015,16,Agosto,Festival Internacional del Piano de Santander la IUS
710,2015,16,Agosto,Domingo
711,2015,17,Agosto,Festival Internacional del Piano de Santander la IUS
712,2015,17,Agosto,Dia del Ingeniero
713,2015,17,Agosto,Asuncion de la Virgen
714,2015,18,Agosto,Festival Internacional del Piano de Santander la IUS
715,2015,19,Agosto,Festival Internacional del Piano de Santander la IUS
716,2015,20,Agosto,Festival Internacional del Piano de Santander la IUS
717,2015,21,Agosto,Festival Internacional del Piano de Santander la IUS
718,2015,22,Agosto,Festival Internacional del Piano de Santander la IUS
719,2015,23,Agosto,Festival Internacional del Piano de Santander la IUS
720,2015,23,Agosto,Dia del Adulto Mayor
721,2015,23,Agosto,Domingo
722,2015,24,Agosto,Festival Internacional del Piano de Santander la IUS
723,2015,25,Agosto,Festival Internacional del Piano de Santander la IUS
724,2015,26,Agosto,Festival Internacional del Piano de Santander la IUS
725,2015,27,Agosto,Festival Internacional del Piano de Santander la IUS
726,2015,28,Agosto,Festival Internacional del Piano de Santander la IUS
727,2015,29,Agosto,Festival Internacional del Piano de Santander la IUS
728,2015,30,Agosto,Festival Internacional del Piano de Santander la IUS
729,2015,30,Agosto,Domingo
730,2015,31,Agosto,Festival Internacional del Piano de Santander la IUS
731,2015,6,Septiembre,Domingo
732,2015,11,Septiembre,Feria Bonita
733,2015,12,Septiembre,Feria Bonita
734,2015,13,Septiembre,Feria Bonita
735,2015,13,Septiembre,Domingo
736,2015,14,Septiembre,Feria Bonita
737,2015,15,Septiembre,Feria Bonita
738,2015,16,Septiembre,Feria Bonita
739,2015,17,Septiembre,Feria Bonita
740,2015,18,Septiembre,Feria Bonita
741,2015,19,Septiembre,Dia de Amor y Amistad
742,2015,19,Septiembre,Feria Bonita
743,2015,20,Septiembre,Feria Bonita
744,2015,20,Septiembre,Domingo
745,2015,26,Septiembre,Dia de la Seguridad Social
746,2015,27,Septiembre,Dia del Turismo
747,2015,27,Septiembre,Domingo
748,2015,4,Octubre,Domingo
749,2015,11,Octubre,Domingo
750,2015,12,Octubre,Dia de la Raza
751,2015,18,Octubre,Domingo
752,2015,25,Octubre,Domingo
753,2015,31,Octubre,Halloween
754,2015,1,Noviembre,Domingo
755,2015,2,Noviembre,Dia de todos los Santos
756,2015,3,Noviembre,Semana Nacional del Tiple
757,2015,4,Noviembre,Semana Nacional del Tiple
758,2015,5,Noviembre,Semana Nacional del Tiple
759,2015,5,Noviembre,Dia de la Policia
760,2015,6,Noviembre,Semana Nacional del Tiple
761,2015,7,Noviembre,Semana Nacional del Tiple
762,2015,8,Noviembre,Semana Nacional del Tiple
763,2015,8,Noviembre,Domingo
764,2015,15,Noviembre,Domingo
765,2015,16,Noviembre,Independencia de Cartagena
766,2015,22,Noviembre,Domingo
767,2015,29,Noviembre,Domingo
768,2015,6,Diciembre,Domingo
769,2015,7,Diciembre,Dia de las Velitas
770,2015,8,Diciembre,Inmaculada Concepcion
771,2015,13,Diciembre,Domingo
772,2015,20,Diciembre,Domingo
773,2015,24,Diciembre,Noche Buena
774,2015,25,Diciembre,Navidad
775,2015,27,Diciembre,Domingo
776,2015,28,Diciembre,Dia de los Inocentes
777,2015,31,Diciembre,Año Viejo
778,2016,1,Enero,Año Nuevo
779,2016,3,Enero,Domingo
780,2016,10,Enero,Domingo
781,2016,11,Enero,Reyes Magos
782,2016,17,Enero,Domingo
783,2016,24,Enero,Domingo
784,2016,31,Enero,Domingo
785,2016,7,Febrero,Domingo
786,2016,14,Febrero,Dia de San Valentin
787,2016,14,Febrero,Domingo
788,2016,21,Febrero,Domingo
789,2016,28,Febrero,Domingo
790,2016,6,Marzo,Domingo
791,2016,8,Marzo,Dia Internacional de la Mujer
792,2016,12,Marzo,Dia de los Amigos
793,2016,13,Marzo,Domingo
794,2016,19,Marzo,Dia del Hombre
795,2016,20,Marzo,Domingo de Ramos
796,2016,20,Marzo,Domingo
797,2016,21,Marzo,San Jose
798,2016,24,Marzo,Jueves Santo
799,2016,25,Marzo,Viernes Santo
800,2016,27,Marzo,Domingo de Pascua o Resurreccion
801,2016,27,Marzo,Domingo
802,2016,3,Abril,Domingo
803,2016,10,Abril,Domingo
804,2016,17,Abril,Domingo
805,2016,22,Abril,Dia de la Tierra
806,2016,24,Abril,Domingo
807,2016,30,Abril,Dia del Niño
808,2016,1,Mayo,Dia del Trabajo
809,2016,1,Mayo,Domingo
810,2016,8,Mayo,Dia de la Madre
811,2016,8,Mayo,Domingo
812,2016,9,Mayo,Dia de la Ascension
813,2016,15,Mayo,Dia del Maestro
814,2016,15,Mayo,Domingo
815,2016,21,Mayo,Dia de la Afrocolombianidad
816,2016,22,Mayo,Domingo
817,2016,29,Mayo,Domingo
818,2016,30,Mayo,Dia de Corpus Christi
819,2016,1,Junio,Dia del Campesino
820,2016,5,Junio,Dia del Medio Ambiente
821,2016,5,Junio,Domingo
822,2016,6,Junio,Dia del Sagrado Corazon de Jesus
823,2016,12,Junio,Domingo
824,2016,19,Junio,Dia del Padre
825,2016,19,Junio,Domingo
826,2016,26,Junio,Domingo
827,2016,3,Julio,Domingo
828,2016,4,Julio,Dia de San Pedro y San Pablo
829,2016,10,Julio,Domingo
830,2016,17,Julio,Domingo
831,2016,20,Julio,Dia de la independencia
832,2016,24,Julio,Domingo
833,2016,31,Julio,Domingo
834,2016,2,Agosto,Festival Internacional de Cine de Santander
835,2016,3,Agosto,Festival Internacional de Cine de Santander
836,2016,4,Agosto,Festival Internacional de Cine de Santander
837,2016,5,Agosto,Festival Internacional de Cine de Santander
838,2016,6,Agosto,Festival Internacional de Cine de Santander
839,2016,7,Agosto,Dia del Ejercito Nacional
840,2016,7,Agosto,Batalla de Boyaca
841,2016,7,Agosto,Festival Internacional del Piano de Santander la IUS
842,2016,7,Agosto,Domingo
843,2016,8,Agosto,Festival Internacional del Piano de Santander la IUS
844,2016,9,Agosto,Festival Internacional del Piano de Santander la IUS
845,2016,10,Agosto,Festival Internacional del Piano de Santander la IUS
846,2016,11,Agosto,Festival Internacional del Piano de Santander la IUS
847,2016,12,Agosto,Festival Internacional del Piano de Santander la IUS
848,2016,13,Agosto,Festival Internacional del Piano de Santander la IUS
849,2016,14,Agosto,Festival Internacional del Piano de Santander la IUS
850,2016,14,Agosto,Domingo
851,2016,15,Agosto,Festival Internacional del Piano de Santander la IUS
852,2016,15,Agosto,Asuncion de la Virgen
853,2016,16,Agosto,Festival Internacional del Piano de Santander la IUS
854,2016,17,Agosto,Festival Internacional del Piano de Santander la IUS
855,2016,17,Agosto,Dia del Ingeniero
856,2016,18,Agosto,Festival Internacional del Piano de Santander la IUS
857,2016,19,Agosto,Festival Internacional del Piano de Santander la IUS
858,2016,20,Agosto,Festival Internacional del Piano de Santander la IUS
859,2016,21,Agosto,Festival Internacional del Piano de Santander la IUS
860,2016,21,Agosto,Domingo
861,2016,22,Agosto,Festival Internacional del Piano de Santander la IUS
862,2016,23,Agosto,Festival Internacional del Piano de Santander la IUS
863,2016,24,Agosto,Festival Internacional del Piano de Santander la IUS
864,2016,25,Agosto,Festival Internacional del Piano de Santander la IUS
865,2016,26,Agosto,Festival Internacional del Piano de Santander la IUS
866,2016,27,Agosto,Festival Internacional del Piano de Santander la IUS
867,2016,28,Agosto,Festival Internacional del Piano de Santander la IUS
868,2016,28,Agosto,Dia del Adulto Mayor
869,2016,28,Agosto,Domingo
870,2016,29,Agosto,Festival Internacional del Piano de Santander la IUS
871,2016,30,Agosto,Festival Internacional del Piano de Santander la IUS
872,2016,31,Agosto,Festival Internacional del Piano de Santander la IUS
873,2016,4,Septiembre,Domingo
874,2016,9,Septiembre,Feria Bonita
875,2016,10,Septiembre,Feria Bonita
876,2016,11,Septiembre,Feria Bonita
877,2016,11,Septiembre,Domingo
878,2016,12,Septiembre,Feria Bonita
879,2016,13,Septiembre,Feria Bonita
880,2016,14,Septiembre,Feria Bonita
881,2016,15,Septiembre,Feria Bonita
882,2016,16,Septiembre,Feria Bonita
883,2016,17,Septiembre,Feria Bonita
884,2016,17,Septiembre,Dia de Amor y Amistad
885,2016,18,Septiembre,Feria Bonita
886,2016,18,Septiembre,Domingo
887,2016,25,Septiembre,Domingo
888,2016,26,Septiembre,Dia de la Seguridad Social
889,2016,27,Septiembre,Dia del Turismo
890,2016,2,Octubre,Domingo
891,2016,9,Octubre,Domingo
892,2016,16,Octubre,Domingo
893,2016,17,Octubre,Dia de la Raza
894,2016,23,Octubre,Domingo
895,2016,30,Octubre,Domingo
896,2016,31,Octubre,Halloween
897,2016,31,Octubre,Semana Nacional del Tiple
898,2016,1,Noviembre,Semana Nacional del Tiple
899,2016,2,Noviembre,Semana Nacional del Tiple
900,2016,3,Noviembre,Semana Nacional del Tiple
901,2016,4,Noviembre,Semana Nacional del Tiple
902,2016,5,Noviembre,Dia de la Policia
903,2016,6,Noviembre,Domingo
904,2016,7,Noviembre,Dia de todos los Santos
905,2016,13,Noviembre,Domingo
906,2016,14,Noviembre,Independencia de Cartagena
907,2016,20,Noviembre,Domingo
908,2016,27,Noviembre,Domingo
909,2016,4,Diciembre,Domingo
910,2016,7,Diciembre,Dia de las Velitas
911,2016,8,Diciembre,Inmaculada Concepcion
912,2016,11,Diciembre,Domingo
913,2016,18,Diciembre,Domingo
914,2016,24,Diciembre,Noche Buena
915,2016,25,Diciembre,Navidad
916,2016,25,Diciembre,Domingo
917,2016,28,Diciembre,Dia de los Inocentes
918,2016,31,Diciembre,Año Viejo
919,2017,1,Enero,Año Nuevo
920,2017,8,Enero,Domingo
921,2017,9,Enero,Reyes Magos
922,2017,15,Enero,Domingo
923,2017,22,Enero,Domingo
924,2017,29,Enero,Domingo
925,2017,5,Febrero,Domingo
926,2017,12,Febrero,Domingo
927,2017,14,Febrero,Dia de San Valentin
928,2017,19,Febrero,Domingo
929,2017,26,Febrero,Domingo
930,2017,5,Marzo,Domingo
931,2017,8,Marzo,Dia Internacional de la Mujer
932,2017,11,Marzo,Dia de los Amigos
933,2017,12,Marzo,Domingo
934,2017,19,Marzo,Dia del Hombre
935,2017,19,Marzo,Domingo
936,2017,20,Marzo,San Jose
937,2017,26,Marzo,Domingo
938,2017,2,Abril,Domingo
939,2017,9,Abril,Domingo de Ramos
940,2017,9,Abril,Domingo
941,2017,13,Abril,Jueves Santo
942,2017,14,Abril,Viernes Santo
943,2017,16,Abril,Domingo de Pascua o Resurreccion
944,2017,16,Abril,Domingo
945,2017,22,Abril,Dia de la Tierra
946,2017,23,Abril,Domingo
947,2017,29,Abril,Dia del Niño
948,2017,30,Abril,Domingo
949,2017,1,Mayo,Dia del Trabajo
950,2017,7,Mayo,Domingo
951,2017,14,Mayo,Dia de la Madre
952,2017,14,Mayo,Domingo
953,2017,15,Mayo,Dia del Maestro
954,2017,21,Mayo,Dia de la Afrocolombianidad
955,2017,21,Mayo,Domingo
956,2017,28,Mayo,Domingo
957,2017,29,Mayo,Dia de la Ascension
958,2017,1,Junio,Dia del Campesino
959,2017,4,Junio,Domingo
960,2017,5,Junio,Dia del Medio Ambiente
961,2017,11,Junio,Domingo
962,2017,18,Junio,Dia del Padre
963,2017,18,Junio,Domingo
964,2017,19,Junio,Dia de Corpus Christi
965,2017,25,Junio,Domingo
966,2017,26,Junio,Dia del Sagrado Corazon de Jesus
967,2017,2,Julio,Domingo
968,2017,3,Julio,Dia de San Pedro y San Pablo
969,2017,9,Julio,Domingo
970,2017,16,Julio,Domingo
971,2017,20,Julio,Dia de la independencia
972,2017,23,Julio,Domingo
973,2017,30,Julio,Domingo
974,2017,6,Agosto,Domingo
975,2017,7,Agosto,Dia del Ejercito Nacional
976,2017,7,Agosto,Batalla de Boyaca
977,2017,8,Agosto,Festival Internacional del Piano de Santander la IUS
978,2017,9,Agosto,Festival Internacional del Piano de Santander la IUS
979,2017,10,Agosto,Festival Internacional del Piano de Santander la IUS
980,2017,11,Agosto,Festival Internacional del Piano de Santander la IUS
981,2017,12,Agosto,Festival Internacional del Piano de Santander la IUS
982,2017,13,Agosto,Festival Internacional del Piano de Santander la IUS
983,2017,13,Agosto,Domingo
984,2017,14,Agosto,Festival Internacional del Piano de Santander la IUS
985,2017,14,Agosto,Festival Internacional de Cine de Santander
986,2017,15,Agosto,Festival Internacional del Piano de Santander la IUS
987,2017,15,Agosto,Festival Internacional de Cine de Santander
988,2017,16,Agosto,Festival Internacional del Piano de Santander la IUS
989,2017,16,Agosto,Festival Internacional de Cine de Santander
990,2017,17,Agosto,Festival Internacional del Piano de Santander la IUS
991,2017,17,Agosto,Festival Internacional de Cine de Santander
992,2017,17,Agosto,Dia del Ingeniero
993,2017,18,Agosto,Festival Internacional del Piano de Santander la IUS
994,2017,18,Agosto,Festival Internacional de Cine de Santander
995,2017,19,Agosto,Festival Internacional del Piano de Santander la IUS
996,2017,19,Agosto,Festival Internacional de Cine de Santander
997,2017,20,Agosto,Festival Internacional del Piano de Santander la IUS
998,2017,20,Agosto,Domingo
999,2017,21,Agosto,Festival Internacional del Piano de Santander la IUS
1000,2017,21,Agosto,Asuncion de la Virgen
1001,2017,22,Agosto,Festival Internacional del Piano de Santander la IUS
1002,2017,23,Agosto,Festival Internacional del Piano de Santander la IUS
1003,2017,24,Agosto,Festival Internacional del Piano de Santander la IUS
1004,2017,25,Agosto,Festival Internacional del Piano de Santander la IUS
1005,2017,26,Agosto,Festival Internacional del Piano de Santander la IUS
1006,2017,27,Agosto,Festival Internacional del Piano de Santander la IUS
1007,2017,27,Agosto,Dia del Adulto Mayor
1008,2017,27,Agosto,Domingo
1009,2017,28,Agosto,Festival Internacional del Piano de Santander la IUS
1010,2017,29,Agosto,Festival Internacional del Piano de Santander la IUS
1011,2017,30,Agosto,Festival Internacional del Piano de Santander la IUS
1012,2017,31,Agosto,Festival Internacional del Piano de Santander la IUS
1013,2017,1,Septiembre,Festival Internacional del Piano de Santander la IUS
1014,2017,1,Septiembre,Feria Bonita
1015,2017,2,Septiembre,Festival Internacional del Piano de Santander la IUS
1016,2017,2,Septiembre,Feria Bonita
1017,2017,3,Septiembre,Feria Bonita
1018,2017,3,Septiembre,Domingo
1019,2017,4,Septiembre,Feria Bonita
1020,2017,5,Septiembre,Feria Bonita
1021,2017,6,Septiembre,Feria Bonita
1022,2017,7,Septiembre,Feria Bonita
1023,2017,8,Septiembre,Feria Bonita
1024,2017,9,Septiembre,Feria Bonita
1025,2017,10,Septiembre,Feria Bonita
1026,2017,10,Septiembre,Domingo
1027,2017,11,Septiembre,Feria Bonita
1028,2017,12,Septiembre,Feria Bonita
1029,2017,13,Septiembre,Feria Bonita
1030,2017,14,Septiembre,Feria Bonita
1031,2017,15,Septiembre,Feria Bonita
1032,2017,16,Septiembre,Feria Bonita
1033,2017,16,Septiembre,Dia de Amor y Amistad
1034,2017,17,Septiembre,Feria Bonita
1035,2017,27,Septiembre,Domingo
1036,2017,24,Septiembre,Domingo
1037,2017,26,Septiembre,Dia de la Seguridad Social
1038,2017,27,Septiembre,Dia del Turismo
1039,2017,1,Octubre,Domingo
1040,2017,8,Octubre,Domingo
1041,2017,15,Octubre,Domingo
1042,2017,16,Octubre,Dia de la Raza
1043,2017,22,Octubre,Domingo
1044,2017,29,Octubre,Domingo
1045,2017,30,Octubre,Semana Nacional del Tiple
1046,2017,31,Octubre,Semana Nacional del Tiple
1047,2017,31,Octubre,Halloween
1048,2017,1,Noviembre,Semana Nacional del Tiple
1049,2017,2,Noviembre,Semana Nacional del Tiple
1050,2017,3,Noviembre,Semana Nacional del Tiple
1051,2017,5,Noviembre,Dia de la Policia
1052,2017,5,Noviembre,Domingo
1053,2017,6,Noviembre,Dia de todos los Santos
1054,2017,12,Noviembre,Domingo
1055,2017,13,Noviembre,Independencia de Cartagena
1056,2017,19,Noviembre,Domingo
1057,2017,26,Noviembre,Domingo
1058,2017,3,Diciembre,Domingo
1059,2017,7,Diciembre,Dia de las Velitas
1060,2017,8,Diciembre,Inmaculada Concepcion
1061,2017,10,Diciembre,Domingo
1062,2017,17,Diciembre,Domingo
1063,2017,24,Diciembre,Noche Buena
1064,2017,24,Diciembre,Domingo
1065,2017,25,Diciembre,Navidad
1066,2017,28,Diciembre,Dia de los Inocentes
1067,2017,31,Diciembre,Año Viejo
1068,2017,31,Diciembre,Domingo
1069,2018,1,Enero,Año Nuevo
1070,2018,7,Enero,Domingo
1071,2018,8,Enero,Reyes Magos
1072,2018,14,Enero,Domingo
1073,2018,21,Enero,Domingo
1074,2018,28,Enero,Domingo
1075,2018,4,Febrero,Domingo
1076,2018,11,Febrero,Domingo
1077,2018,14,Febrero,Dia de San Valentin
1078,2018,18,Febrero,Domingo
1079,2018,25,Febrero,Domingo
1080,2018,4,Marzo,Domingo
1081,2018,8,Marzo,Dia Internacional de la Mujer
1082,2018,10,Marzo,Dia de los Amigos
1083,2018,11,Marzo,Domingo
1084,2018,18,Marzo,Domingo
1085,2018,19,Marzo,Dia del Hombre
1086,2018,19,Marzo,San Jose
1087,2018,25,Marzo,Domingo de Ramos
1088,2018,25,Marzo,Domingo
1089,2018,29,Marzo,Jueves Santo
1090,2018,30,Marzo,Viernes Santo
1091,2018,1,Abril,Domingo de Pascua o Resurreccion
1092,2018,1,Abril,Domingo
1093,2018,8,Abril,Domingo
1094,2018,15,Abril,Domingo
1095,2018,22,Abril,Dia de la Tierra
1096,2018,22,Abril,Domingo
1097,2018,28,Abril,Dia del Niño
1098,2018,29,Abril,Domingo
1099,2018,1,Mayo,Dia del Trabajo
1100,2018,6,Mayo,Domingo
1101,2018,13,Mayo,Dia de la Madre
1102,2018,13,Mayo,Domingo
1103,2018,14,Mayo,Dia de la Ascension
1104,2018,15,Mayo,Dia del Maestro
1105,2018,20,Mayo,Domingo
1106,2018,21,Mayo,Dia de la Afrocolombianidad
1107,2018,27,Mayo,Domingo
1108,2018,1,Junio,Dia del Campesino
1109,2018,3,Junio,Domingo
1110,2018,4,Junio,Dia de Corpus Christi
1111,2018,5,Junio,Dia del Medio Ambiente
1112,2018,10,Junio,Domingo
1113,2018,11,Junio,Dia del Sagrado Corazon de Jesus
1114,2018,17,Junio,Dia del Padre
1115,2018,17,Junio,Domingo
1116,2018,24,Junio,Domingo
1117,2018,1,Julio,Domingo
1118,2018,2,Julio,Dia de San Pedro y San Pablo
1119,2018,8,Julio,Domingo
1120,2018,15,Julio,Domingo
1121,2018,20,Julio,Dia de la independencia
1122,2018,22,Julio,Domingo
1123,2018,29,Julio,Domingo
1124,2018,5,Agosto,Festival Internacional del Piano de Santander la IUS
1125,2018,5,Agosto,Domingo
1126,2018,6,Agosto,Festival Internacional del Piano de Santander la IUS
1127,2018,7,Agosto,Festival Internacional del Piano de Santander la IUS
1128,2018,7,Agosto,Dia del Ejercito Nacional
1129,2018,7,Agosto,Batalla de Boyaca
1130,2018,8,Agosto,Festival Internacional del Piano de Santander la IUS
1131,2018,9,Agosto,Festival Internacional del Piano de Santander la IUS
1132,2018,10,Agosto,Festival Internacional del Piano de Santander la IUS
1133,2018,11,Agosto,Festival Internacional del Piano de Santander la IUS
1134,2018,12,Agosto,Festival Internacional del Piano de Santander la IUS
1135,2018,12,Agosto,Domingo
1136,2018,13,Agosto,Festival Internacional del Piano de Santander la IUS
1137,2018,13,Agosto,Festival Internacional de Cine de Santander
1138,2018,14,Agosto,Festival Internacional del Piano de Santander la IUS
1139,2018,14,Agosto,Festival Internacional de Cine de Santander
1140,2018,15,Agosto,Festival Internacional del Piano de Santander la IUS
1141,2018,15,Agosto,Festival Internacional de Cine de Santander
1142,2018,16,Agosto,Festival Internacional del Piano de Santander la IUS
1143,2018,16,Agosto,Festival Internacional de Cine de Santander
1144,2018,17,Agosto,Festival Internacional del Piano de Santander la IUS
1145,2018,17,Agosto,Festival Internacional de Cine de Santander
1146,2018,17,Agosto,Dia del Ingeniero
1147,2018,18,Agosto,Festival Internacional del Piano de Santander la IUS
1148,2018,18,Agosto,Festival Internacional de Cine de Santander
1149,2018,19,Agosto,Festival Internacional del Piano de Santander la IUS
1150,2018,19,Agosto,Domingo
1151,2018,20,Agosto,Festival Internacional del Piano de Santander la IUS
1152,2018,20,Agosto,Asuncion de la Virgen
1153,2018,21,Agosto,Festival Internacional del Piano de Santander la IUS
1154,2018,22,Agosto,Festival Internacional del Piano de Santander la IUS
1155,2018,23,Agosto,Festival Internacional del Piano de Santander la IUS
1156,2018,24,Agosto,Festival Internacional del Piano de Santander la IUS
1157,2018,25,Agosto,Festival Internacional del Piano de Santander la IUS
1158,2018,26,Agosto,Festival Internacional del Piano de Santander la IUS
1159,2018,26,Agosto,Dia del Adulto Mayor
1160,2018,26,Agosto,Domingo
1161,2018,2,Septiembre,Domingo
1162,2018,9,Septiembre,Domingo
1163,2018,13,Septiembre,Feria Bonita
1164,2018,14,Septiembre,Feria Bonita
1165,2018,15,Septiembre,Feria Bonita
1166,2018,15,Septiembre,Dia de Amor y Amistad
1167,2018,16,Septiembre,Feria Bonita
1168,2018,16,Septiembre,Domingo
1169,2018,17,Septiembre,Feria Bonita
1170,2018,18,Septiembre,Feria Bonita
1171,2018,19,Septiembre,Feria Bonita
1172,2018,20,Septiembre,Feria Bonita
1173,2018,21,Septiembre,Feria Bonita
1174,2018,22,Septiembre,Feria Bonita
1175,2018,23,Septiembre,Feria Bonita
1176,2018,23,Septiembre,Domingo
1177,2018,26,Septiembre,Dia de la Seguridad Social
1178,2018,27,Septiembre,Dia del Turismo
1179,2018,30,Septiembre,Domingo
1180,2018,7,Octubre,Domingo
1181,2018,14,Octubre,Domingo
1182,2018,15,Octubre,Dia de la Raza
1183,2018,21,Octubre,Domingo
1184,2018,28,Octubre,Domingo
1185,2018,29,Octubre,Semana Nacional del Tiple
1186,2018,30,Octubre,Semana Nacional del Tiple
1187,2018,31,Octubre,Semana Nacional del Tiple
1188,2018,31,Octubre,Halloween
1189,2018,1,Noviembre,Semana Nacional del Tiple
1190,2018,2,Noviembre,Semana Nacional del Tiple
1191,2018,4,Noviembre,Domingo
1192,2018,5,Noviembre,Dia de la Policia
1193,2018,5,Noviembre,Dia de todos los Santos
1194,2018,11,Noviembre,Domingo
1195,2018,12,Noviembre,Independencia de Cartagena
1196,2018,18,Noviembre,Domingo
1197,2018,25,Noviembre,Domingo
1198,2018,2,Diciembre,Domingo
1199,2018,7,Diciembre,Dia de las Velitas
1200,2018,8,Diciembre,Inmaculada Concepcion
1201,2018,16,Diciembre,Domingo
1202,2018,23,Diciembre,Domingo
1203,2018,24,Diciembre,Noche Buena
1204,2018,25,Diciembre,Navidad
1205,2018,28,Diciembre,Dia de los Inocentes
1206,2018,31,Diciembre,Año Viejo
1207,2019,1,Enero,Año Nuevo
1208,2019,6,Enero,Domingo
1209,2019,7,Enero,Reyes Magos
1210,2019,13,Enero,Domingo
1211,2019,20,Enero,Domingo
1212,2019,27,Enero,Domingo
1213,2019,3,Febrero,Domingo
1214,2019,10,Febrero,Domingo
1215,2019,14,Febrero,Dia de San Valentin
1216,2019,17,Febrero,Domingo
1217,2019,24,Febrero,Domingo
1218,2019,3,Marzo,Domingo
1219,2019,8,Marzo,Dia Internacional de la Mujer
1220,2019,9,Marzo,Dia de los Amigos
1221,2019,10,Marzo,Domingo
1222,2019,17,Marzo,Domingo
1223,2019,19,Marzo,Dia del Hombre
1224,2019,24,Marzo,Domingo
1225,2019,25,Marzo,San Jose
1226,2019,31,Marzo,Domingo
1227,2019,7,Abril,Domingo
1228,2019,14,Abril,Domingo de Ramos
1229,2019,14,Abril,Domingo
1230,2019,18,Abril,Jueves Santo
1231,2019,19,Abril,Viernes Santo
1232,2019,21,Abril,Domingo de Pascua o Resurreccion
1233,2019,21,Abril,Domingo
1234,2019,22,Abril,Dia de la Tierra
1235,2019,27,Abril,Dia del Niño
1236,2019,28,Abril,Domingo
1237,2019,1,Mayo,Dia del Trabajo
1238,2019,5,Mayo,Domingo
1239,2019,12,Mayo,Dia de la Madre
1240,2019,12,Mayo,Domingo
1241,2019,19,Mayo,Domingo
1242,2019,21,Mayo,Dia de la Afrocolombianidad
1243,2019,26,Mayo,Domingo
1244,2019,1,Junio,Dia del Campesino
1245,2019,2,Junio,Domingo
1246,2019,3,Junio,Dia de la Ascension
1247,2019,5,Junio,Dia del Medio Ambiente
1248,2019,9,Junio,Domingo
1249,2019,16,Junio,Dia del Padre
1250,2019,16,Junio,Domingo
1251,2019,23,Junio,Domingo
1252,2019,24,Junio,Dia de Corpus Christi
1253,2019,30,Junio,Domingo
1254,2019,1,Julio,Dia de San Pedro y San Pablo
1255,2019,7,Julio,Domingo
1256,2019,14,Julio,Domingo
1257,2019,20,Julio,Dia de la independencia
1258,2019,21,Julio,Domingo
1259,2019,28,Julio,Domingo
1260,2019,1,Agosto,Festival Internacional del Piano de Santander la IUS
1261,2019,2,Agosto,Festival Internacional del Piano de Santander la IUS
1262,2019,3,Agosto,Festival Internacional del Piano de Santander la IUS
1263,2019,4,Agosto,Festival Internacional del Piano de Santander la IUS
1264,2019,4,Agosto,Domingo
1265,2019,5,Agosto,Festival Internacional del Piano de Santander la IUS
1266,2019,6,Agosto,Festival Internacional del Piano de Santander la IUS
1267,2019,7,Agosto,Festival Internacional del Piano de Santander la IUS
1268,2019,7,Agosto,Dia del Ejercito Nacional
1269,2019,7,Agosto,Batalla de Boyaca
1270,2019,8,Agosto,Festival Internacional del Piano de Santander la IUS
1271,2019,9,Agosto,Festival Internacional del Piano de Santander la IUS
1272,2019,10,Agosto,Festival Internacional del Piano de Santander la IUS
1273,2019,11,Agosto,Festival Internacional del Piano de Santander la IUS
1274,2019,11,Agosto,Domingo
1275,2019,12,Agosto,Festival Internacional del Piano de Santander la IUS
1276,2019,13,Agosto,Festival Internacional del Piano de Santander la IUS
1277,2019,14,Agosto,Festival Internacional del Piano de Santander la IUS
1278,2019,15,Agosto,Festival Internacional del Piano de Santander la IUS
1279,2019,16,Agosto,Festival Internacional del Piano de Santander la IUS
1280,2019,17,Agosto,Festival Internacional del Piano de Santander la IUS
1281,2019,17,Agosto,Dia del Ingeniero
1282,2019,18,Agosto,Festival Internacional del Piano de Santander la IUS
1283,2019,18,Agosto,Domingo
1284,2019,19,Agosto,Festival Internacional del Piano de Santander la IUS
1285,2019,19,Agosto,Asuncion de la Virgen
1286,2019,20,Agosto,Festival Internacional del Piano de Santander la IUS
1287,2019,21,Agosto,Festival Internacional del Piano de Santander la IUS
1288,2019,22,Agosto,Festival Internacional del Piano de Santander la IUS
1289,2019,23,Agosto,Festival Internacional del Piano de Santander la IUS
1290,2019,24,Agosto,Festival Internacional del Piano de Santander la IUS
1291,2019,25,Agosto,Festival Internacional del Piano de Santander la IUS
1292,2019,25,Agosto,Dia del Adulto Mayor
1293,2019,25,Agosto,Domingo
1294,2019,26,Agosto,Festival Internacional del Piano de Santander la IUS
1295,2019,27,Agosto,Festival Internacional del Piano de Santander la IUS
1296,2019,28,Agosto,Festival Internacional del Piano de Santander la IUS
1297,2019,29,Agosto,Festival Internacional del Piano de Santander la IUS
1298,2019,30,Agosto,Festival Internacional del Piano de Santander la IUS
1299,2019,31,Agosto,Festival Internacional del Piano de Santander la IUS
1300,2019,1,Septiembre,Domingo
1301,2019,3,Septiembre,Festival Internacional de Cine de Santander
1302,2019,4,Septiembre,Festival Internacional de Cine de Santander
1303,2019,5,Septiembre,Festival Internacional de Cine de Santander
1304,2019,5,Septiembre,Feria Bonita
1305,2019,6,Septiembre,Festival Internacional de Cine de Santander
1306,2019,6,Septiembre,Feria Bonita
1307,2019,7,Septiembre,Festival Internacional de Cine de Santander
1308,2019,7,Septiembre,Feria Bonita
1309,2019,8,Septiembre,Feria Bonita
1310,2019,8,Septiembre,Domingo
1311,2019,9,Septiembre,Feria Bonita
1312,2019,10,Septiembre,Feria Bonita
1313,2019,11,Septiembre,Feria Bonita
1314,2019,12,Septiembre,Feria Bonita
1315,2019,13,Septiembre,Feria Bonita
1316,2019,14,Septiembre,Feria Bonita
1317,2019,15,Septiembre,Feria Bonita
1318,2019,15,Septiembre,Domingo
1319,2019,21,Septiembre,Dia de Amor y Amistad
1320,2019,22,Septiembre,Domingo
1321,2019,26,Septiembre,Dia de la Seguridad Social
1322,2019,27,Septiembre,Dia del Turismo
1323,2019,29,Septiembre,Domingo
1324,2019,6,Octubre,Domingo
1325,2019,13,Octubre,Domingo
1326,2019,14,Octubre,Dia de la Raza
1327,2019,20,Octubre,Domingo
1328,2019,27,Octubre,Domingo
1329,2019,31,Octubre,Halloween
1330,2019,3,Noviembre,Domingo
1331,2019,4,Noviembre,Dia de todos los Santos
1332,2019,5,Noviembre,Dia de la Policia
1333,2019,10,Noviembre,Domingo
1334,2019,11,Noviembre,Independencia de Cartagena
1335,2019,17,Noviembre,Domingo
1336,2019,24,Noviembre,Domingo
1337,2019,1,Diciembre,Domingo
1338,2019,7,Diciembre,Dia de las Velitas
1339,2019,8,Diciembre,Inmaculada Concepcion
1340,2019,15,Diciembre,Domingo
1341,2019,22,Diciembre,Domingo
1342,2019,24,Diciembre,Noche Buena
1343,2019,25,Diciembre,Navidad
1344,2019,28,Diciembre,Dia de los Inocentes
1345,2019,29,Diciembre,Domingo
1346,2019,31,Diciembre,Año Viejo
1347,2020,1,Enero,Año Nuevo
1348,2020,5,Enero,Domingo
1349,2020,6,Enero,Reyes Magos
1350,2020,12,Enero,Domingo
1351,2020,19,Enero,Domingo
1352,2020,26,Enero,Domingo
1353,2020,2,Febrero,Domingo
1354,2020,9,Febrero,Domingo
1355,2020,14,Febrero,Dia de San Valentin
1356,2020,16,Febrero,Domingo
1357,2020,23,Febrero,Domingo
1358,2020,1,Marzo,Domingo
1359,2020,8,Marzo,Dia Internacional de la Mujer
1360,2020,14,Marzo,Dia de los Amigos
1361,2020,15,Marzo,Domingo
1362,2020,19,Marzo,Dia del Hombre
1363,2020,22,Marzo,Domingo
1364,2020,23,Marzo,San Jose
1365,2020,29,Marzo,Domingo
1366,2020,5,Abril,Domingo de Ramos
1367,2020,5,Abril,Domingo
1368,2020,9,Abril,Jueves Santo
1369,2020,10,Abril,Viernes Santo
1370,2020,12,Abril,Domingo de Pascua o Resurreccion
1371,2020,12,Abril,Domingo
1372,2020,19,Abril,Domingo
1373,2020,22,Abril,Dia de la Tierra
1374,2020,25,Abril,Dia del Niño
1375,2020,26,Abril,Domingo
1376,2020,1,Mayo,Dia del Trabajo
1377,2020,3,Mayo,Domingo
1378,2020,10,Mayo,Dia de la Madre
1379,2020,10,Mayo,Domingo
1380,2020,15,Mayo,Dia del Maestro
1381,2020,17,Mayo,Domingo
1382,2020,21,Mayo,Dia de la Afrocolombianidad
1383,2020,24,Mayo,Domingo
1384,2020,25,Mayo,Dia de la Ascension
1385,2020,31,Mayo,Domingo
1386,2020,1,Junio,Dia del Campesino
1387,2020,5,Junio,Dia del Medio Ambiente
1388,2020,7,Junio,Domingo
1389,2020,14,Junio,Domingo
1390,2020,15,Junio,Dia de Corpus Christi
1391,2020,21,Junio,Dia del Padre
1392,2020,21,Junio,Domingo
1393,2020,22,Junio,Dia del Sagrado Corazon de Jesus
1394,2020,28,Junio,Domingo
1395,2020,29,Junio,Dia de San Pedro y San Pablo
1396,2020,5,Julio,Domingo
1397,2020,12,Julio,Domingo
1398,2020,19,Julio,Domingo
1399,2020,20,Julio,Dia de la independencia
1400,2020,26,Julio,Domingo
1401,2020,1,Agosto,Festival Internacional del Piano de Santander la IUS
1402,2020,2,Agosto,Festival Internacional del Piano de Santander la IUS
1403,2020,2,Agosto,Domingo
1404,2020,3,Agosto,Festival Internacional del Piano de Santander la IUS
1405,2020,4,Agosto,Festival Internacional del Piano de Santander la IUS
1406,2020,5,Agosto,Festival Internacional del Piano de Santander la IUS
1407,2020,6,Agosto,Festival Internacional del Piano de Santander la IUS
1408,2020,7,Agosto,Festival Internacional del Piano de Santander la IUS
1409,2020,7,Agosto,Dia del Ejercito Nacional
1410,2020,7,Agosto,Batalla de Boyaca
1411,2020,8,Agosto,Festival Internacional del Piano de Santander la IUS
1412,2020,9,Agosto,Festival Internacional del Piano de Santander la IUS
1413,2020,9,Agosto,Domingo
1414,2020,10,Agosto,Festival Internacional del Piano de Santander la IUS
1415,2020,11,Agosto,Festival Internacional del Piano de Santander la IUS
1416,2020,12,Agosto,Festival Internacional del Piano de Santander la IUS
1417,2020,13,Agosto,Festival Internacional del Piano de Santander la IUS
1418,2020,14,Agosto,Festival Internacional del Piano de Santander la IUS
1419,2020,15,Agosto,Festival Internacional del Piano de Santander la IUS
1420,2020,16,Agosto,Festival Internacional del Piano de Santander la IUS
1421,2020,16,Agosto,Domingo
1422,2020,17,Agosto,Festival Internacional del Piano de Santander la IUS
1423,2020,17,Agosto,Dia del Ingeniero
1424,2020,17,Agosto,Asuncion de la Virgen
1425,2020,18,Agosto,Festival Internacional del Piano de Santander la IUS
1426,2020,19,Agosto,Festival Internacional del Piano de Santander la IUS
1427,2020,20,Agosto,Festival Internacional del Piano de Santander la IUS
1428,2020,21,Agosto,Festival Internacional del Piano de Santander la IUS
1429,2020,22,Agosto,Festival Internacional del Piano de Santander la IUS
1430,2020,23,Agosto,Festival Internacional del Piano de Santander la IUS
1431,2020,23,Agosto,Dia del Adulto Mayor
1432,2020,23,Agosto,Domingo
1433,2020,24,Agosto,Festival Internacional del Piano de Santander la IUS
1434,2020,25,Agosto,Festival Internacional del Piano de Santander la IUS
1435,2020,26,Agosto,Festival Internacional del Piano de Santander la IUS
1436,2020,27,Agosto,Festival Internacional del Piano de Santander la IUS
1437,2020,28,Agosto,Festival Internacional del Piano de Santander la IUS
1438,2020,29,Agosto,Festival Internacional del Piano de Santander la IUS
1439,2020,30,Agosto,Festival Internacional del Piano de Santander la IUS
1440,2020,30,Agosto,Domingo
1441,2020,31,Agosto,Festival Internacional del Piano de Santander la IUS
1442,2020,6,Septiembre,Domingo
1443,2020,13,Septiembre,Domingo
1444,2020,19,Septiembre,Dia de Amor y Amistad
1445,2020,20,Septiembre,Domingo
1446,2020,26,Septiembre,Dia de la Seguridad Social
1447,2020,27,Septiembre,Dia del Turismo
1448,2020,27,Septiembre,Domingo
1449,2020,4,Octubre,Domingo
1450,2020,11,Octubre,Domingo
1451,2020,12,Octubre,Dia de la Raza
1452,2020,18,Octubre,Domingo
1453,2020,25,Octubre,Domingo
1454,2020,31,Octubre,Halloween
1455,2020,1,Noviembre,Domingo
1456,2020,2,Noviembre,Dia de todos los Santos
1457,2020,5,Noviembre,Dia de la Policia
1458,2020,8,Noviembre,Domingo
1459,2020,15,Noviembre,Domingo
1460,2020,16,Noviembre,Independencia de Cartagena
1461,2020,22,Noviembre,Domingo
1462,2020,29,Noviembre,Domingo
1463,2020,6,Diciembre,Domingo
1464,2020,7,Diciembre,Dia de las Velitas
1465,2020,8,Diciembre,Inmaculada Concepcion
1466,2020,13,Diciembre,Domingo
1467,2020,20,Diciembre,Domingo
1468,2020,24,Diciembre,Noche Buena
1469,2020,25,Diciembre,Navidad
1470,2020,27,Diciembre,Domingo
1471,2020,28,Diciembre,Dia de los Inocentes
1472,2020,31,Diciembre,Año Viejo
1473,2021,1,Enero,Año Nuevo
1474,2021,3,Enero,Domingo
1475,2021,10,Enero,Domingo
1476,2021,11,Enero,Reyes Magos
1477,2021,17,Enero,Domingo
1478,2021,24,Enero,Domingo
1479,2021,31,Enero,Domingo
1480,2021,7,Febrero,Domingo
1481,2021,14,Febrero,Dia de San Valentin
1482,2021,14,Febrero,Domingo
1483,2021,21,Febrero,Domingo
1484,2021,28,Febrero,Domingo
1485,2021,7,Marzo,Domingo
1486,2021,8,Marzo,Dia Internacional de la Mujer
1487,2021,13,Marzo,Dia de los Amigos
1488,2021,14,Marzo,Domingo
1489,2021,19,Marzo,Dia del Hombre
1490,2021,21,Marzo,Domingo
1491,2021,22,Marzo,San Jose
1492,2021,28,Marzo,Domingo de Ramos
1493,2021,28,Marzo,Domingo
1494,2021,1,Abril,Jueves Santo
1495,2021,2,Abril,Viernes Santo
1496,2021,4,Abril,Domingo de Pascua o Resurreccion
1497,2021,4,Abril,Domingo
1498,2021,11,Abril,Domingo
1499,2021,18,Abril,Domingo
1500,2021,22,Abril,Dia de la Tierra
1501,2021,24,Abril,Dia del Niño
1502,2021,25,Abril,Domingo
1503,2021,1,Mayo ,Dia del Trabajo
1504,2021,2,Mayo,Domingo
1505,2021,9,Mayo,Dia de la Madre
1506,2021,9,Mayo ,Domingo
1507,2021,15,Mayo,Dia del Maestro
1508,2021,16,Mayo,Domingo
1509,2021,17,Mayo,Dia de la Ascension
1510,2021,21,Mayo,Dia de la Afrocolombianidad
1511,2021,23,Mayo,Domingo
1512,2021,30,Mayo,Domingo
1513,2021,1,Junio,Dia del Campesino
1514,2021,5,Junio,Dia del Medio Ambiente
1515,2021,6,Junio,Domingo
1516,2021,7,Junio,Dia de Corpus Christi
1517,2021,13,Junio,Domingo
1518,2021,14,Junio,Dia del Sagrado Corazon de Jesus
1519,2021,20,Junio,Dia del Padre
1520,2021,20,Junio,Domingo
1521,2021,27,Junio,Domingo
1522,2021,4,Julio,Domingo
1523,2021,5,Julio,Dia de San Pedro y San Pablo
1524,2021,11,Julio,Domingo
1525,2021,18,Julio,Domingo
1526,2021,20,Julio,Dia de la independencia
1527,2021,25,Julio,Domingo
1528,2021,1,Agosto,Festival Internacional del Piano de Santander la IUS
1529,2021,1,Agosto,Domingo
1530,2021,2,Agosto,Festival Internacional del Piano de Santander la IUS
1531,2021,3,Agosto,Festival Internacional del Piano de Santander la IUS
1532,2021,4,Agosto,Festival Internacional del Piano de Santander la IUS
1533,2021,5,Agosto,Festival Internacional del Piano de Santander la IUS
1534,2021,6,Agosto,Festival Internacional del Piano de Santander la IUS
1535,2021,7,Agosto,Festival Internacional del Piano de Santander la IUS
1536,2021,7,Agosto,Dia del Ejercito Nacional
1537,2021,7,Agosto,Batalla de Boyaca
1538,2021,8,Agosto,Festival Internacional del Piano de Santander la IUS
1539,2021,8,Agosto,Domingo
1540,2021,9,Agosto,Festival Internacional del Piano de Santander la IUS
1541,2021,10,Agosto,Festival Internacional del Piano de Santander la IUS
1542,2021,11,Agosto,Festival Internacional del Piano de Santander la IUS
1543,2021,12,Agosto,Festival Internacional del Piano de Santander la IUS
1544,2021,13,Agosto,Festival Internacional del Piano de Santander la IUS
1545,2021,14,Agosto,Festival Internacional del Piano de Santander la IUS
1546,2021,15,Agosto,Festival Internacional del Piano de Santander la IUS
1547,2021,15,Agosto,Domingo
1548,2021,16,Agosto,Festival Internacional del Piano de Santander la IUS
1549,2021,16,Agosto,Asuncion de la Virgen
1550,2021,17,Agosto,Festival Internacional del Piano de Santander la IUS
1551,2021,17,Agosto,Dia del Ingeniero
1552,2021,18,Agosto,Festival Internacional del Piano de Santander la IUS
1553,2021,19,Agosto,Festival Internacional del Piano de Santander la IUS
1554,2021,20,Agosto,Festival Internacional del Piano de Santander la IUS
1555,2021,21,Agosto,Festival Internacional del Piano de Santander la IUS
1556,2021,22,Agosto,Festival Internacional del Piano de Santander la IUS
1557,2021,22,Agosto,Dia del Adulto Mayor
1558,2021,22,Agosto,Domingo
1559,2021,23,Agosto,Festival Internacional del Piano de Santander la IUS
1560,2021,24,Agosto,Festival Internacional del Piano de Santander la IUS
1561,2021,25,Agosto,Festival Internacional del Piano de Santander la IUS
1562,2021,26,Agosto,Festival Internacional del Piano de Santander la IUS
1563,2021,27,Agosto,Festival Internacional del Piano de Santander la IUS
1564,2021,28,Agosto,Festival Internacional del Piano de Santander la IUS
1565,2021,29,Agosto,Festival Internacional del Piano de Santander la IUS
1566,2021,29,Agosto,Domingo
1567,2021,30,Agosto,Festival Internacional del Piano de Santander la IUS
1568,2021,31,Agosto,Festival Internacional del Piano de Santander la IUS
1569,2021,3,Septiembre,Domingo
1570,2021,9,Septiembre,Feria Bonita
1571,2021,10,Septiembre,Feria Bonita
1572,2021,10,Septiembre,Domingo
1573,2021,10,Septiembre,Festival Internacional de Cine de Santander
1574,2021,11,Septiembre,Feria Bonita
1575,2021,11,Septiembre,Festival Internacional de Cine de Santander
1576,2021,12,Septiembre,Feria Bonita
1577,2021,12,Septiembre,Festival Internacional de Cine de Santander
1578,2021,13,Septiembre,Feria Bonita
1579,2021,13,Septiembre,Festival Internacional de Cine de Santander
1580,2021,14,Septiembre,Feria Bonita
1581,2021,14,Septiembre,Festival Internacional de Cine de Santander
1582,2021,15,Septiembre,Feria Bonita
1583,2021,15,Septiembre,Festival Internacional de Cine de Santander
1584,2021,16,Septiembre,Feria Bonita
1585,2021,16,Septiembre,Festival Internacional de Cine de Santander
1586,2021,17,Septiembre,Feria Bonita
1587,2021,17,Septiembre,Festival Internacional de Cine de Santander
1588,2021,17,Septiembre,Domingo
1589,2021,18,Septiembre,Feria Bonita
1590,2021,18,Septiembre,Festival Internacional de Cine de Santander
1591,2021,18,Septiembre,Dia de Amor y Amistad
1592,2021,19,Septiembre,Feria Bonita
1593,2021,24,Septiembre,Domingo
1594,2021,26,Septiembre,Dia de la Seguridad Social
1595,2021,27,Septiembre,Dia del Turismo
1596,2021,31,Septiembre,Domingo
1597,2021,18,Octubre,Dia de la Raza
1598,2021,31,Octubre,Halloween
1599,2021,1,Noviembre,Dia de todos los Santos
1600,2021,5,Noviembre,Dia de la Policia
1601,2021,7,Noviembre,Domingo
1602,2021,14,Noviembre,Domingo
1603,2021,15,Noviembre,Independencia de Cartagena
1604,2021,21,Noviembre,Domingo
1605,2021,28,Noviembre,Domingo
1606,2021,5,Diciembre,Domingo
1607,2021,7,Diciembre,Dia de las Velitas
1608,2021,8,Diciembre,Inmaculada Concepcion
1609,2021,12,Diciembre,Domingo
1610,2021,19,Diciembre,Domingo
1611,2021,24,Diciembre,Noche Buena
1612,2021,25,Diciembre,Navidad
1613,2021,26,Diciembre,Domingo
1614,2021,28,Diciembre,Dia de los Inocentes
1615,2021,31,Diciembre,Año Viejo
