,año,mes,festividad,nom_comuna,conducta,cantidad
0,2023,1,Año Nuevo,Norte,HURTO A ENTIDADES COMERCIALES,1.75
1,2023,1,Año Nuevo,Nor Oriental,HOMICIDIO CULPOSO ( EN ACCIDENTE DE TRÁNSITO),1.0
2,2023,1,Año Nuevo,San Francisco,HURTO A MOTOCICLETAS,1.0
3,2023,1,Año Nuevo,Occidental,LESIONES PERSONALES,2.5
4,2023,1,Año Nuevo,García Rovira,VIOLENCIA INTRAFAMILIAR,3.0
5,2023,1,Año Nuevo,La Concordia,VIOLENCIA INTRAFAMILIAR,2.0
6,2023,1,Año Nuevo,La Ciudadela,LESIONES PERSONALES,9.0
7,2023,1,Año Nuevo,Sur Occidente,LESIONES PERSONALES,9.0
8,2023,1,Año Nuevo,La Pedregosa,LESIONES PERSONALES,9.0
9,2023,1,Año Nuevo,Provenza,LESIONES PERSONALES,2.0
10,2023,1,Año Nuevo,Sur,LESIONES PERSONALES,3.0
11,2023,1,Año Nuevo,Cabecera del Llano,LESIONES PERSONALES,1.0
12,2023,1,Año Nuevo,Oriental,HURTO A ENTIDADES COMERCIALES,2.0
13,2023,1,Año Nuevo,Morrorico,HURTO A ENTIDADES COMERCIALES,2.0
14,2023,1,Año Nuevo,Centro,VIOLENCIA INTRAFAMILIAR,1.0
15,2023,1,Año Nuevo,Lagos del Cacique,VIOLENCIA INTRAFAMILIAR,1.0
16,2023,1,Año Nuevo,Mutis,VIOLENCIA INTRAFAMILIAR,1.0
17,2023,1,Domingo,Norte,HURTO A ENTIDADES COMERCIALES,3.6666666666666665
18,2023,1,Domingo,Nor Oriental,VIOLENCIA INTRAFAMILIAR,1.3333333333333333
19,2023,1,Domingo,San Francisco,VIOLENCIA INTRAFAMILIAR,4.5
20,2023,1,Domingo,Occidental,VIOLENCIA INTRAFAMILIAR,2.3333333333333335
21,2023,1,Domingo,García Rovira,HURTO A PERSONAS,6.0
22,2023,1,Domingo,La Concordia,LESIONES CULPOSAS ( EN ACCIDENTE DE TRANSITO ),2.25
23,2023,1,Domingo,La Ciudadela,HURTO A ENTIDADES COMERCIALES,2.0
24,2023,1,Domingo,Sur Occidente,VIOLENCIA INTRAFAMILIAR,2.5
25,2023,1,Domingo,La Pedregosa,LESIONES PERSONALES,3.0
26,2023,1,Domingo,Provenza,VIOLENCIA INTRAFAMILIAR,3.5
27,2023,1,Domingo,Sur,LESIONES CULPOSAS ( EN ACCIDENTE DE TRANSITO ),1.0
28,2023,1,Domingo,Cabecera del Llano,HURTO A PERSONAS,3.0
29,2023,1,Domingo,Oriental,LESIONES CULPOSAS ( EN ACCIDENTE DE TRANSITO ),2.4
30,2023,1,Domingo,Morrorico,VIOLENCIA INTRAFAMILIAR,2.0
31,2023,1,Domingo,Centro,LESIONES PERSONALES,4.333333333333333
32,2023,1,Domingo,Lagos del Cacique,VIOLENCIA INTRAFAMILIAR,1.0
33,2023,1,Domingo,Mutis,HURTO A ENTIDADES COMERCIALES,1.0
34,2023,1,Reyes Magos,Norte,LESIONES CULPOSAS ( EN ACCIDENTE DE TRANSITO ),2.0
35,2023,1,Reyes Magos,Nor Oriental,LESIONES CULPOSAS ( EN ACCIDENTE DE TRANSITO ),1.0
36,2023,1,Reyes Magos,San Francisco,VIOLENCIA INTRAFAMILIAR,3.0
37,2023,1,Reyes Magos,Occidental,HURTO A PERSONAS,1.0
38,2023,1,Reyes Magos,García Rovira,LESIONES PERSONALES,2.0
39,2023,1,Reyes Magos,La Concordia,HURTO A PERSONAS,1.0
40,2023,1,Reyes Magos,La Ciudadela,LESIONES PERSONALES,9.0
41,2023,1,Reyes Magos,Sur Occidente,LESIONES PERSONALES,9.0
42,2023,1,Reyes Magos,La Pedregosa,LESIONES PERSONALES,9.0
43,2023,1,Reyes Magos,Provenza,LESIONES PERSONALES,2.0
44,2023,1,Reyes Magos,Sur,LESIONES PERSONALES,3.0
45,2023,1,Reyes Magos,Cabecera del Llano,LESIONES PERSONALES,1.0
46,2023,1,Reyes Magos,Oriental,LESIONES PERSONALES,1.5
47,2023,1,Reyes Magos,Morrorico,LESIONES PERSONALES,1.5
48,2023,1,Reyes Magos,Centro,LESIONES PERSONALES,1.5
49,2023,1,Reyes Magos,Lagos del Cacique,LESIONES PERSONALES,1.5
50,2023,1,Reyes Magos,Mutis,LESIONES PERSONALES,1.5
51,2023,2,Domingo,Norte,LESIONES PERSONALES,9.666666666666666
52,2023,2,Domingo,Nor Oriental,VIOLENCIA INTRAFAMILIAR,3.3333333333333335
53,2023,2,Domingo,San Francisco,VIOLENCIA INTRAFAMILIAR,3.6666666666666665
54,2023,2,Domingo,Occidental,VIOLENCIA INTRAFAMILIAR,5.333333333333333
55,2023,2,Domingo,García Rovira,LESIONES CULPOSAS ( EN ACCIDENTE DE TRANSITO ),4.666666666666667
56,2023,2,Domingo,La Concordia,LESIONES CULPOSAS ( EN ACCIDENTE DE TRANSITO ),3.0
57,2023,2,Domingo,La Ciudadela,LESIONES CULPOSAS ( EN ACCIDENTE DE TRANSITO ),1.5
58,2023,2,Domingo,Sur Occidente,LESIONES PERSONALES,2.3333333333333335
59,2023,2,Domingo,La Pedregosa,LESIONES CULPOSAS ( EN ACCIDENTE DE TRANSITO ),2.0
60,2023,2,Domingo,Provenza,LESIONES CULPOSAS ( EN ACCIDENTE DE TRANSITO ),3.3333333333333335
61,2023,2,Domingo,Sur,VIOLENCIA INTRAFAMILIAR,3.75
62,2023,2,Domingo,Cabecera del Llano,LESIONES PERSONALES,1.5
63,2023,2,Domingo,Oriental,HURTO A ENTIDADES COMERCIALES,1.75
64,2023,2,Domingo,Morrorico,LESIONES PERSONALES,3.5
65,2023,2,Domingo,Centro,LESIONES CULPOSAS ( EN ACCIDENTE DE TRANSITO ),3.75
66,2023,2,Domingo,Lagos del Cacique,VIOLENCIA INTRAFAMILIAR,1.0
67,2023,2,Domingo,Mutis,LESIONES CULPOSAS ( EN ACCIDENTE DE TRANSITO ),2.3333333333333335
68,2023,2,Dia de San Valentin,Norte,LESIONES PERSONALES,6.0
69,2023,2,Dia de San Valentin,Nor Oriental,LESIONES PERSONALES,5.0
70,2023,2,Dia de San Valentin,San Francisco,HURTO A ENTIDADES COMERCIALES,1.6
71,2023,2,Dia de San Valentin,Occidental,LESIONES PERSONALES,2.5
72,2023,2,Dia de San Valentin,García Rovira,VIOLENCIA INTRAFAMILIAR,2.5
73,2023,2,Dia de San Valentin,La Concordia,VIOLENCIA INTRAFAMILIAR,2.5
74,2023,2,Dia de San Valentin,La Ciudadela,HURTO A PERSONAS,1.0
75,2023,2,Dia de San Valentin,Sur Occidente,LESIONES PERSONALES,3.0
76,2023,2,Dia de San Valentin,La Pedregosa,LESIONES PERSONALES,3.0
77,2023,2,Dia de San Valentin,Provenza,LESIONES PERSONALES,2.0
78,2023,2,Dia de San Valentin,Sur,LESIONES PERSONALES,3.0
79,2023,2,Dia de San Valentin,Cabecera del Llano,LESIONES CULPOSAS ( EN ACCIDENTE DE TRANSITO ),3.0
80,2023,2,Dia de San Valentin,Oriental,LESIONES CULPOSAS ( EN ACCIDENTE DE TRANSITO ),2.0
81,2023,2,Dia de San Valentin,Morrorico,LESIONES CULPOSAS ( EN ACCIDENTE DE TRANSITO ),2.0
82,2023,2,Dia de San Valentin,Centro,LESIONES CULPOSAS ( EN ACCIDENTE DE TRANSITO ),3.0
83,2023,2,Dia de San Valentin,Lagos del Cacique,HURTO A PERSONAS,1.0
84,2023,2,Dia de San Valentin,Mutis,HURTO A PERSONAS,1.0
85,2023,3,Domingo,Norte,VIOLENCIA INTRAFAMILIAR,4.5
86,2023,3,Domingo,Nor Oriental,VIOLENCIA INTRAFAMILIAR,6.0
87,2023,3,Domingo,San Francisco,LESIONES CULPOSAS ( EN ACCIDENTE DE TRANSITO ),5.0
88,2023,3,Domingo,Occidental,LESIONES PERSONALES,5.0
89,2023,3,Domingo,García Rovira,LESIONES PERSONALES,8.0
90,2023,3,Domingo,La Concordia,LESIONES CULPOSAS ( EN ACCIDENTE DE TRANSITO ),3.5
91,2023,3,Domingo,La Ciudadela,HURTO A RESIDENCIAS,1.0
92,2023,3,Domingo,Sur Occidente,LESIONES PERSONALES,11.0
93,2023,3,Domingo,La Pedregosa,LESIONES CULPOSAS ( EN ACCIDENTE DE TRANSITO ),2.0
94,2023,3,Domingo,Provenza,VIOLENCIA INTRAFAMILIAR,4.25
95,2023,3,Domingo,Sur,LESIONES CULPOSAS ( EN ACCIDENTE DE TRANSITO ),2.25
96,2023,3,Domingo,Cabecera del Llano,LESIONES CULPOSAS ( EN ACCIDENTE DE TRANSITO ),4.666666666666667
97,2023,3,Domingo,Oriental,LESIONES CULPOSAS ( EN ACCIDENTE DE TRANSITO ),5.5
98,2023,3,Domingo,Morrorico,VIOLENCIA INTRAFAMILIAR,1.5
99,2023,3,Domingo,Centro,LESIONES CULPOSAS ( EN ACCIDENTE DE TRANSITO ),4.75
100,2023,3,Domingo,Lagos del Cacique,VIOLENCIA INTRAFAMILIAR,1.0
101,2023,3,Domingo,Mutis,HURTO A PERSONAS,1.0
102,2023,3,Dia Internacional de la Mujer,Norte,LESIONES PERSONALES,3.0
103,2023,3,Dia Internacional de la Mujer,Nor Oriental,HURTO A PERSONAS,1.0
104,2023,3,Dia Internacional de la Mujer,San Francisco,VIOLENCIA INTRAFAMILIAR,3.0
105,2023,3,Dia Internacional de la Mujer,Occidental,HURTO A PERSONAS,3.0
106,2023,3,Dia Internacional de la Mujer,García Rovira,LESIONES PERSONALES,2.0
107,2023,3,Dia Internacional de la Mujer,La Concordia,LESIONES CULPOSAS ( EN ACCIDENTE DE TRANSITO ),1.0
108,2023,3,Dia Internacional de la Mujer,La Ciudadela,HURTO A PERSONAS,1.0
109,2023,3,Dia Internacional de la Mujer,Sur Occidente,HURTO A PERSONAS,2.0
110,2023,3,Dia Internacional de la Mujer,La Pedregosa,HURTO A PERSONAS,2.0
111,2023,3,Dia Internacional de la Mujer,Provenza,HURTO A PERSONAS,6.0
112,2023,3,Dia Internacional de la Mujer,Sur,HURTO A PERSONAS,6.0
113,2023,3,Dia Internacional de la Mujer,Cabecera del Llano,HURTO A PERSONAS,6.0
114,2023,3,Dia Internacional de la Mujer,Oriental,HURTO A PERSONAS,5.0
115,2023,3,Dia Internacional de la Mujer,Morrorico,HURTO A PERSONAS,5.0
116,2023,3,Dia Internacional de la Mujer,Centro,LESIONES PERSONALES,3.5
117,2023,3,Dia Internacional de la Mujer,Lagos del Cacique,HURTO A ENTIDADES COMERCIALES,1.0
118,2023,3,Dia Internacional de la Mujer,Mutis,HURTO A ENTIDADES COMERCIALES,1.0
119,2023,3,Dia de los Amigos,Norte,VIOLENCIA INTRAFAMILIAR,1.5
120,2023,3,Dia de los Amigos,Nor Oriental,HURTO A PERSONAS,2.0
121,2023,3,Dia de los Amigos,San Francisco,VIOLENCIA INTRAFAMILIAR,3.0
122,2023,3,Dia de los Amigos,Occidental,HURTO A PERSONAS,1.0
123,2023,3,Dia de los Amigos,García Rovira,HURTO A PERSONAS,2.0
124,2023,3,Dia de los Amigos,La Concordia,VIOLENCIA INTRAFAMILIAR,1.5
125,2023,3,Dia de los Amigos,La Ciudadela,HURTO A PERSONAS,1.0
126,2023,3,Dia de los Amigos,Sur Occidente,LESIONES PERSONALES,1.0
127,2023,3,Dia de los Amigos,La Pedregosa,HURTO A PERSONAS,2.0
128,2023,3,Dia de los Amigos,Provenza,VIOLENCIA INTRAFAMILIAR,1.0
129,2023,3,Dia de los Amigos,Sur,HURTO A ENTIDADES COMERCIALES,1.0
130,2023,3,Dia de los Amigos,Cabecera del Llano,LESIONES CULPOSAS ( EN ACCIDENTE DE TRANSITO ),1.5
131,2023,3,Dia de los Amigos,Oriental,HURTO A PERSONAS,3.0
132,2023,3,Dia de los Amigos,Morrorico,HURTO A PERSONAS,3.0
133,2023,3,Dia de los Amigos,Centro,HURTO A PERSONAS,4.0
134,2023,3,Dia de los Amigos,Lagos del Cacique,LESIONES CULPOSAS ( EN ACCIDENTE DE TRANSITO ),1.0
135,2023,3,Dia de los Amigos,Mutis,LESIONES PERSONALES,2.5
136,2023,3,Dia del Hombre,Norte,LESIONES CULPOSAS ( EN ACCIDENTE DE TRANSITO ),2.0
137,2023,3,Dia del Hombre,Nor Oriental,HURTO A PERSONAS,2.0
138,2023,3,Dia del Hombre,San Francisco,LESIONES CULPOSAS ( EN ACCIDENTE DE TRANSITO ),3.6666666666666665
139,2023,3,Dia del Hombre,Occidental,HURTO A MOTOCICLETAS,1.0
140,2023,3,Dia del Hombre,García Rovira,LESIONES PERSONALES,2.5
141,2023,3,Dia del Hombre,La Concordia,VIOLENCIA INTRAFAMILIAR,2.0
142,2023,3,Dia del Hombre,La Ciudadela,HURTO A PERSONAS,1.0
143,2023,3,Dia del Hombre,Sur Occidente,HURTO A PERSONAS,2.0
144,2023,3,Dia del Hombre,La Pedregosa,HURTO A PERSONAS,2.0
145,2023,3,Dia del Hombre,Provenza,HURTO A RESIDENCIAS,3.0
146,2023,3,Dia del Hombre,Sur,LESIONES PERSONALES,1.5
147,2023,3,Dia del Hombre,Cabecera del Llano,LESIONES CULPOSAS ( EN ACCIDENTE DE TRANSITO ),3.0
148,2023,3,Dia del Hombre,Oriental,LESIONES CULPOSAS ( EN ACCIDENTE DE TRANSITO ),2.0
149,2023,3,Dia del Hombre,Morrorico,LESIONES CULPOSAS ( EN ACCIDENTE DE TRANSITO ),2.0
150,2023,3,Dia del Hombre,Centro,HURTO A PERSONAS,2.0
151,2023,3,Dia del Hombre,Lagos del Cacique,HURTO A PERSONAS,1.0
152,2023,3,Dia del Hombre,Mutis,HURTO A PERSONAS,1.0
153,2023,3,San Jose,Norte,HURTO A MOTOCICLETAS,1.0
154,2023,3,San Jose,Nor Oriental,HURTO A MOTOCICLETAS,1.0
155,2023,3,San Jose,San Francisco,LESIONES CULPOSAS ( EN ACCIDENTE DE TRANSITO ),2.0
156,2023,3,San Jose,Occidental,HURTO A PERSONAS,1.0
157,2023,3,San Jose,García Rovira,LESIONES PERSONALES,2.0
158,2023,3,San Jose,La Concordia,HURTO A PERSONAS,1.0
159,2023,3,San Jose,La Ciudadela,HURTO A PERSONAS,1.0
160,2023,3,San Jose,Sur Occidente,HURTO A PERSONAS,2.0
161,2023,3,San Jose,La Pedregosa,HURTO A PERSONAS,2.0
162,2023,3,San Jose,Provenza,HURTO A PERSONAS,2.0
163,2023,3,San Jose,Sur,LESIONES PERSONALES,3.0
164,2023,3,San Jose,Cabecera del Llano,LESIONES CULPOSAS ( EN ACCIDENTE DE TRANSITO ),2.5
165,2023,3,San Jose,Oriental,LESIONES CULPOSAS ( EN ACCIDENTE DE TRANSITO ),1.3333333333333333
166,2023,3,San Jose,Morrorico,LESIONES CULPOSAS ( EN ACCIDENTE DE TRANSITO ),1.3333333333333333
167,2023,3,San Jose,Centro,VIOLENCIA INTRAFAMILIAR,1.5
168,2023,3,San Jose,Lagos del Cacique,HURTO A PERSONAS,1.0
169,2023,3,San Jose,Mutis,HURTO A PERSONAS,1.0
170,2023,4,Domingo de Ramos,Norte,LESIONES PERSONALES,2.0
171,2023,4,Domingo de Ramos,Nor Oriental,HURTO A ENTIDADES COMERCIALES,4.0
172,2023,4,Domingo de Ramos,San Francisco,LESIONES CULPOSAS ( EN ACCIDENTE DE TRANSITO ),2.75
173,2023,4,Domingo de Ramos,Occidental,LESIONES PERSONALES,3.0
174,2023,4,Domingo de Ramos,García Rovira,HURTO A PERSONAS,6.0
175,2023,4,Domingo de Ramos,La Concordia,HURTO A PERSONAS,2.0
176,2023,4,Domingo de Ramos,La Ciudadela,LESIONES PERSONALES,7.0
177,2023,4,Domingo de Ramos,Sur Occidente,LESIONES PERSONALES,7.0
178,2023,4,Domingo de Ramos,La Pedregosa,HURTO A PERSONAS,1.0
179,2023,4,Domingo de Ramos,Provenza,VIOLENCIA INTRAFAMILIAR,2.0
180,2023,4,Domingo de Ramos,Sur,LESIONES CULPOSAS ( EN ACCIDENTE DE TRANSITO ),1.3333333333333333
181,2023,4,Domingo de Ramos,Cabecera del Llano,HURTO A PERSONAS,4.0
182,2023,4,Domingo de Ramos,Oriental,LESIONES PERSONALES,1.5
183,2023,4,Domingo de Ramos,Morrorico,HURTO A PERSONAS,1.0
184,2023,4,Domingo de Ramos,Centro,LESIONES PERSONALES,2.0
185,2023,4,Domingo de Ramos,Lagos del Cacique,HURTO A PERSONAS,1.0
186,2023,4,Domingo de Ramos,Mutis,HURTO A PERSONAS,1.0
187,2023,4,Domingo,Norte,VIOLENCIA INTRAFAMILIAR,3.6666666666666665
188,2023,4,Domingo,Nor Oriental,LESIONES PERSONALES,1.0
189,2023,4,Domingo,San Francisco,HURTO A ENTIDADES COMERCIALES,2.8
190,2023,4,Domingo,Occidental,LESIONES PERSONALES,3.5
191,2023,4,Domingo,García Rovira,LESIONES PERSONALES,2.5
192,2023,4,Domingo,La Concordia,LESIONES CULPOSAS ( EN ACCIDENTE DE TRANSITO ),3.5
193,2023,4,Domingo,La Ciudadela,HURTO A PERSONAS,2.0
194,2023,4,Domingo,Sur Occidente,LESIONES PERSONALES,2.0
195,2023,4,Domingo,La Pedregosa,LESIONES PERSONALES,2.0
196,2023,4,Domingo,Provenza,LESIONES CULPOSAS ( EN ACCIDENTE DE TRANSITO ),4.666666666666667
197,2023,4,Domingo,Sur,LESIONES CULPOSAS ( EN ACCIDENTE DE TRANSITO ),2.0
198,2023,4,Domingo,Cabecera del Llano,LESIONES PERSONALES,4.666666666666667
199,2023,4,Domingo,Oriental,LESIONES CULPOSAS ( EN ACCIDENTE DE TRANSITO ),2.75
200,2023,4,Domingo,Morrorico,VIOLENCIA INTRAFAMILIAR,2.0
201,2023,4,Domingo,Centro,VIOLENCIA INTRAFAMILIAR,5.75
202,2023,4,Domingo,Lagos del Cacique,VIOLENCIA INTRAFAMILIAR,1.0
203,2023,4,Domingo,Mutis,HURTO A ENTIDADES COMERCIALES,4.0
204,2023,4,Jueves Santo,Norte,LESIONES PERSONALES,5.0
205,2023,4,Jueves Santo,Nor Oriental,LESIONES PERSONALES,5.0
206,2023,4,Jueves Santo,San Francisco,HURTO A PERSONAS,2.0
207,2023,4,Jueves Santo,Occidental,HURTO A PERSONAS,2.0
208,2023,4,Jueves Santo,García Rovira,HURTO A PERSONAS,2.0
209,2023,4,Jueves Santo,La Concordia,HURTO A PERSONAS,1.0
210,2023,4,Jueves Santo,La Ciudadela,HURTO A PERSONAS,2.0
211,2023,4,Jueves Santo,Sur Occidente,HURTO A PERSONAS,1.0
212,2023,4,Jueves Santo,La Pedregosa,HURTO A PERSONAS,2.0
213,2023,4,Jueves Santo,Provenza,LESIONES PERSONALES,2.0
214,2023,4,Jueves Santo,Sur,LESIONES PERSONALES,2.0
215,2023,4,Jueves Santo,Cabecera del Llano,HURTO A PERSONAS,4.0
216,2023,4,Jueves Santo,Oriental,HURTO A PERSONAS,2.0
217,2023,4,Jueves Santo,Morrorico,HURTO A PERSONAS,2.0
218,2023,4,Jueves Santo,Centro,LESIONES PERSONALES,2.0
219,2023,4,Jueves Santo,Lagos del Cacique,HURTO A PERSONAS,1.0
220,2023,4,Jueves Santo,Mutis,HURTO A PERSONAS,1.0
221,2023,4,Viernes Santo,Norte,LESIONES CULPOSAS ( EN ACCIDENTE DE TRANSITO ),2.0
222,2023,4,Viernes Santo,Nor Oriental,HURTO A PERSONAS,2.0
223,2023,4,Viernes Santo,San Francisco,LESIONES CULPOSAS ( EN ACCIDENTE DE TRANSITO ),1.3333333333333333
224,2023,4,Viernes Santo,Occidental,HURTO A PERSONAS,1.0
225,2023,4,Viernes Santo,García Rovira,LESIONES PERSONALES,2.0
226,2023,4,Viernes Santo,La Concordia,HURTO A PERSONAS,1.0
227,2023,4,Viernes Santo,La Ciudadela,HURTO A PERSONAS,2.0
228,2023,4,Viernes Santo,Sur Occidente,HURTO A PERSONAS,1.0
229,2023,4,Viernes Santo,La Pedregosa,HURTO A PERSONAS,1.0
230,2023,4,Viernes Santo,Provenza,HURTO A RESIDENCIAS,1.0
231,2023,4,Viernes Santo,Sur,HURTO A RESIDENCIAS,1.0
232,2023,4,Viernes Santo,Cabecera del Llano,HURTO A PERSONAS,4.0
233,2023,4,Viernes Santo,Oriental,LESIONES PERSONALES,1.5
234,2023,4,Viernes Santo,Morrorico,HURTO A PERSONAS,1.0
235,2023,4,Viernes Santo,Centro,LESIONES PERSONALES,2.0
236,2023,4,Viernes Santo,Lagos del Cacique,HURTO A PERSONAS,1.0
237,2023,4,Viernes Santo,Mutis,HURTO A PERSONAS,2.0
238,2023,4,Domingo de Pascua o Resurreccion,Norte,LESIONES PERSONALES,2.0
239,2023,4,Domingo de Pascua o Resurreccion,Nor Oriental,LESIONES PERSONALES,2.0
240,2023,4,Domingo de Pascua o Resurreccion,San Francisco,LESIONES PERSONALES,2.0
241,2023,4,Domingo de Pascua o Resurreccion,Occidental,LESIONES PERSONALES,2.0
242,2023,4,Domingo de Pascua o Resurreccion,García Rovira,HURTO A PERSONAS,1.0
243,2023,4,Domingo de Pascua o Resurreccion,La Concordia,HURTO A ENTIDADES COMERCIALES,1.0
244,2023,4,Domingo de Pascua o Resurreccion,La Ciudadela,HURTO A PERSONAS,2.0
245,2023,4,Domingo de Pascua o Resurreccion,Sur Occidente,HURTO A PERSONAS,1.0
246,2023,4,Domingo de Pascua o Resurreccion,La Pedregosa,HURTO A PERSONAS,2.0
247,2023,4,Domingo de Pascua o Resurreccion,Provenza,VIOLENCIA INTRAFAMILIAR,2.0
248,2023,4,Domingo de Pascua o Resurreccion,Sur,LESIONES CULPOSAS ( EN ACCIDENTE DE TRANSITO ),1.3333333333333333
249,2023,4,Domingo de Pascua o Resurreccion,Cabecera del Llano,HURTO A PERSONAS,2.0
250,2023,4,Domingo de Pascua o Resurreccion,Oriental,HURTO A PERSONAS,2.0
251,2023,4,Domingo de Pascua o Resurreccion,Morrorico,LESIONES PERSONALES,3.0
252,2023,4,Domingo de Pascua o Resurreccion,Centro,LESIONES PERSONALES,4.5
253,2023,4,Domingo de Pascua o Resurreccion,Lagos del Cacique,HURTO A RESIDENCIAS,1.0
254,2023,4,Domingo de Pascua o Resurreccion,Mutis,HURTO A PERSONAS,1.0
255,2023,4,Dia de la Tierra,Norte,HURTO A PERSONAS,2.0
256,2023,4,Dia de la Tierra,Nor Oriental,HURTO A MOTOCICLETAS,1.0
257,2023,4,Dia de la Tierra,San Francisco,HURTO A RESIDENCIAS,2.0
258,2023,4,Dia de la Tierra,Occidental,HURTO A PERSONAS,1.0
259,2023,4,Dia de la Tierra,García Rovira,LESIONES PERSONALES,2.0
260,2023,4,Dia de la Tierra,La Concordia,HURTO A PERSONAS,1.0
261,2023,4,Dia de la Tierra,La Ciudadela,LESIONES CULPOSAS ( EN ACCIDENTE DE TRANSITO ),1.5
262,2023,4,Dia de la Tierra,Sur Occidente,HURTO A RESIDENCIAS,1.0
263,2023,4,Dia de la Tierra,La Pedregosa,HURTO A RESIDENCIAS,1.0
264,2023,4,Dia de la Tierra,Provenza,LESIONES PERSONALES,2.0
265,2023,4,Dia de la Tierra,Sur,LESIONES PERSONALES,1.0
266,2023,4,Dia de la Tierra,Cabecera del Llano,LESIONES CULPOSAS ( EN ACCIDENTE DE TRANSITO ),2.3333333333333335
267,2023,4,Dia de la Tierra,Oriental,HURTO A PERSONAS,1.0
268,2023,4,Dia de la Tierra,Morrorico,LESIONES PERSONALES,6.0
269,2023,4,Dia de la Tierra,Centro,LESIONES PERSONALES,2.0
270,2023,4,Dia de la Tierra,Lagos del Cacique,HURTO A PERSONAS,1.0
271,2023,4,Dia de la Tierra,Mutis,HURTO A PERSONAS,1.0
272,2023,4,Dia del Niño,Norte,VIOLENCIA INTRAFAMILIAR,1.75
273,2023,4,Dia del Niño,Nor Oriental,HURTO A PERSONAS,2.0
274,2023,4,Dia del Niño,San Francisco,LESIONES PERSONALES,1.0
275,2023,4,Dia del Niño,Occidental,LESIONES CULPOSAS ( EN ACCIDENTE DE TRANSITO ),2.6666666666666665
276,2023,4,Dia del Niño,García Rovira,HURTO A ENTIDADES COMERCIALES,1.6666666666666667
277,2023,4,Dia del Niño,La Concordia,VIOLENCIA INTRAFAMILIAR,1.3333333333333333
278,2023,4,Dia del Niño,La Ciudadela,HURTO A PERSONAS,6.0
279,2023,4,Dia del Niño,Sur Occidente,HURTO A PERSONAS,6.0
280,2023,4,Dia del Niño,La Pedregosa,HURTO A PERSONAS,6.0
281,2023,4,Dia del Niño,Provenza,VIOLENCIA INTRAFAMILIAR,2.0
282,2023,4,Dia del Niño,Sur,VIOLENCIA INTRAFAMILIAR,1.6666666666666667
283,2023,4,Dia del Niño,Cabecera del Llano,HURTO A PERSONAS,3.0
284,2023,4,Dia del Niño,Oriental,VIOLENCIA INTRAFAMILIAR,2.0
285,2023,4,Dia del Niño,Morrorico,LESIONES CULPOSAS ( EN ACCIDENTE DE TRANSITO ),1.6666666666666667
286,2023,4,Dia del Niño,Centro,HURTO A PERSONAS,4.0
287,2023,4,Dia del Niño,Lagos del Cacique,HURTO A PERSONAS,1.0
288,2023,4,Dia del Niño,Mutis,HURTO A PERSONAS,1.0
289,2023,5,Dia del Trabajo,Norte,LESIONES PERSONALES,2.0
290,2023,5,Dia del Trabajo,Nor Oriental,LESIONES PERSONALES,1.0
291,2023,5,Dia del Trabajo,San Francisco,LESIONES PERSONALES,2.0
292,2023,5,Dia del Trabajo,Occidental,LESIONES PERSONALES,2.0
293,2023,5,Dia del Trabajo,García Rovira,HURTO A ENTIDADES COMERCIALES,2.0
294,2023,5,Dia del Trabajo,La Concordia,HURTO A PERSONAS,1.0
295,2023,5,Dia del Trabajo,La Ciudadela,HURTO A PERSONAS,1.0
296,2023,5,Dia del Trabajo,Sur Occidente,HURTO A PERSONAS,1.0
297,2023,5,Dia del Trabajo,La Pedregosa,HURTO A PERSONAS,2.0
298,2023,5,Dia del Trabajo,Provenza,VIOLENCIA INTRAFAMILIAR,2.0
299,2023,5,Dia del Trabajo,Sur,LESIONES CULPOSAS ( EN ACCIDENTE DE TRANSITO ),1.3333333333333333
300,2023,5,Dia del Trabajo,Cabecera del Llano,HURTO A PERSONAS,4.0
301,2023,5,Dia del Trabajo,Oriental,LESIONES PERSONALES,2.0
302,2023,5,Dia del Trabajo,Morrorico,HURTO A PERSONAS,1.0
303,2023,5,Dia del Trabajo,Centro,HURTO A PERSONAS,1.0
304,2023,5,Dia del Trabajo,Lagos del Cacique,LESIONES CULPOSAS ( EN ACCIDENTE DE TRANSITO ),1.0
305,2023,5,Dia del Trabajo,Mutis,HURTO A PERSONAS,2.0
306,2023,5,Domingo,Norte,LESIONES CULPOSAS ( EN ACCIDENTE DE TRANSITO ),4.0
307,2023,5,Domingo,Nor Oriental,LESIONES PERSONALES,4.666666666666667
308,2023,5,Domingo,San Francisco,VIOLENCIA INTRAFAMILIAR,2.3333333333333335
309,2023,5,Domingo,Occidental,VIOLENCIA INTRAFAMILIAR,3.0
310,2023,5,Domingo,García Rovira,LESIONES PERSONALES,5.5
311,2023,5,Domingo,La Concordia,VIOLENCIA INTRAFAMILIAR,1.3333333333333333
312,2023,5,Domingo,La Ciudadela,LESIONES PERSONALES,3.0
313,2023,5,Domingo,Sur Occidente,HURTO A RESIDENCIAS,2.0
314,2023,5,Domingo,La Pedregosa,LESIONES PERSONALES,2.5
315,2023,5,Domingo,Provenza,LESIONES CULPOSAS ( EN ACCIDENTE DE TRANSITO ),2.3333333333333335
316,2023,5,Domingo,Sur,LESIONES PERSONALES,3.5
317,2023,5,Domingo,Cabecera del Llano,HURTO A ENTIDADES COMERCIALES,1.75
318,2023,5,Domingo,Oriental,VIOLENCIA INTRAFAMILIAR,2.4
319,2023,5,Domingo,Morrorico,HURTO A PERSONAS,1.0
320,2023,5,Domingo,Centro,LESIONES PERSONALES,5.5
321,2023,5,Domingo,Lagos del Cacique,VIOLENCIA INTRAFAMILIAR,1.0
322,2023,5,Domingo,Mutis,HURTO A ENTIDADES COMERCIALES,4.0
323,2023,5,Dia de la Madre,Norte,LESIONES PERSONALES,3.0
324,2023,5,Dia de la Madre,Nor Oriental,LESIONES PERSONALES,1.0
325,2023,5,Dia de la Madre,San Francisco,HURTO A RESIDENCIAS,2.0
326,2023,5,Dia de la Madre,Occidental,LESIONES PERSONALES,2.5
327,2023,5,Dia de la Madre,García Rovira,VIOLENCIA INTRAFAMILIAR,2.0
328,2023,5,Dia de la Madre,La Concordia,HURTO A PERSONAS,1.0
329,2023,5,Dia de la Madre,La Ciudadela,HURTO A PERSONAS,2.0
330,2023,5,Dia de la Madre,Sur Occidente,HURTO A PERSONAS,2.0
331,2023,5,Dia de la Madre,La Pedregosa,LESIONES PERSONALES,2.5
332,2023,5,Dia de la Madre,Provenza,HURTO A PERSONAS,2.0
333,2023,5,Dia de la Madre,Sur,HURTO A PERSONAS,2.0
334,2023,5,Dia de la Madre,Cabecera del Llano,LESIONES PERSONALES,4.0
335,2023,5,Dia de la Madre,Oriental,LESIONES PERSONALES,1.0
336,2023,5,Dia de la Madre,Morrorico,HURTO A PERSONAS,3.0
337,2023,5,Dia de la Madre,Centro,LESIONES PERSONALES,2.5
338,2023,5,Dia de la Madre,Lagos del Cacique,LESIONES CULPOSAS ( EN ACCIDENTE DE TRANSITO ),1.0
339,2023,5,Dia de la Madre,Mutis,HURTO A PERSONAS,2.0
340,2023,5,Dia del Maestro,Norte,HURTO A PERSONAS,3.0
341,2023,5,Dia del Maestro,Nor Oriental,HURTO A PERSONAS,2.0
342,2023,5,Dia del Maestro,San Francisco,LESIONES PERSONALES,3.0
343,2023,5,Dia del Maestro,Occidental,LESIONES PERSONALES,5.0
344,2023,5,Dia del Maestro,García Rovira,HURTO A PERSONAS,1.0
345,2023,5,Dia del Maestro,La Concordia,HURTO A PERSONAS,1.0
346,2023,5,Dia del Maestro,La Ciudadela,HURTO A PERSONAS,4.0
347,2023,5,Dia del Maestro,Sur Occidente,HURTO A PERSONAS,4.0
348,2023,5,Dia del Maestro,La Pedregosa,HURTO A PERSONAS,4.0
349,2023,5,Dia del Maestro,Provenza,LESIONES CULPOSAS ( EN ACCIDENTE DE TRANSITO ),1.0
350,2023,5,Dia del Maestro,Sur,LESIONES CULPOSAS ( EN ACCIDENTE DE TRANSITO ),1.0
351,2023,5,Dia del Maestro,Cabecera del Llano,LESIONES CULPOSAS ( EN ACCIDENTE DE TRANSITO ),1.5
352,2023,5,Dia del Maestro,Oriental,LESIONES CULPOSAS ( EN ACCIDENTE DE TRANSITO ),1.3333333333333333
353,2023,5,Dia del Maestro,Morrorico,LESIONES CULPOSAS ( EN ACCIDENTE DE TRANSITO ),1.3333333333333333
354,2023,5,Dia del Maestro,Centro,LESIONES PERSONALES,1.5
355,2023,5,Dia del Maestro,Lagos del Cacique,LESIONES CULPOSAS ( EN ACCIDENTE DE TRANSITO ),1.0
356,2023,5,Dia del Maestro,Mutis,LESIONES PERSONALES,2.0
357,2023,5,Dia de la Afrocolombianidad,Norte,HURTO A PERSONAS,2.0
358,2023,5,Dia de la Afrocolombianidad,Nor Oriental,HURTO A PERSONAS,2.0
359,2023,5,Dia de la Afrocolombianidad,San Francisco,HURTO A PERSONAS,1.0
360,2023,5,Dia de la Afrocolombianidad,Occidental,HURTO A RESIDENCIAS,2.0
361,2023,5,Dia de la Afrocolombianidad,García Rovira,LESIONES CULPOSAS ( EN ACCIDENTE DE TRANSITO ),1.5
362,2023,5,Dia de la Afrocolombianidad,La Concordia,HURTO A PERSONAS,2.0
363,2023,5,Dia de la Afrocolombianidad,La Ciudadela,HURTO A PERSONAS,1.0
364,2023,5,Dia de la Afrocolombianidad,Sur Occidente,HURTO A PERSONAS,1.0
365,2023,5,Dia de la Afrocolombianidad,La Pedregosa,HURTO A PERSONAS,2.0
366,2023,5,Dia de la Afrocolombianidad,Provenza,VIOLENCIA INTRAFAMILIAR,2.0
367,2023,5,Dia de la Afrocolombianidad,Sur,LESIONES CULPOSAS ( EN ACCIDENTE DE TRANSITO ),1.3333333333333333
368,2023,5,Dia de la Afrocolombianidad,Cabecera del Llano,HURTO A PERSONAS,3.0
369,2023,5,Dia de la Afrocolombianidad,Oriental,VIOLENCIA INTRAFAMILIAR,2.0
370,2023,5,Dia de la Afrocolombianidad,Morrorico,VIOLENCIA INTRAFAMILIAR,2.0
371,2023,5,Dia de la Afrocolombianidad,Centro,VIOLENCIA INTRAFAMILIAR,2.0
372,2023,5,Dia de la Afrocolombianidad,Lagos del Cacique,LESIONES CULPOSAS ( EN ACCIDENTE DE TRANSITO ),1.0
373,2023,5,Dia de la Afrocolombianidad,Mutis,HURTO A PERSONAS,2.0
374,2023,5,Dia de la Ascension,Norte,LESIONES PERSONALES,2.0
375,2023,5,Dia de la Ascension,Nor Oriental,LESIONES PERSONALES,1.0
376,2023,5,Dia de la Ascension,San Francisco,LESIONES PERSONALES,2.0
377,2023,5,Dia de la Ascension,Occidental,HURTO A PERSONAS,2.0
378,2023,5,Dia de la Ascension,García Rovira,HURTO A ENTIDADES COMERCIALES,2.0
379,2023,5,Dia de la Ascension,La Concordia,HURTO A PERSONAS,3.0
380,2023,5,Dia de la Ascension,La Ciudadela,LESIONES CULPOSAS ( EN ACCIDENTE DE TRANSITO ),1.0
381,2023,5,Dia de la Ascension,Sur Occidente,LESIONES PERSONALES,1.5
382,2023,5,Dia de la Ascension,La Pedregosa,LESIONES PERSONALES,1.5
383,2023,5,Dia de la Ascension,Provenza,VIOLENCIA INTRAFAMILIAR,2.0
384,2023,5,Dia de la Ascension,Sur,LESIONES CULPOSAS ( EN ACCIDENTE DE TRANSITO ),1.3333333333333333
385,2023,5,Dia de la Ascension,Cabecera del Llano,HURTO A PERSONAS,4.0
386,2023,5,Dia de la Ascension,Oriental,LESIONES PERSONALES,2.0
387,2023,5,Dia de la Ascension,Morrorico,HURTO A PERSONAS,1.0
388,2023,5,Dia de la Ascension,Centro,HURTO A PERSONAS,1.0
389,2023,5,Dia de la Ascension,Lagos del Cacique,LESIONES CULPOSAS ( EN ACCIDENTE DE TRANSITO ),1.0
390,2023,5,Dia de la Ascension,Mutis,LESIONES PERSONALES,1.0
391,2023,6,Dia del Campesino,Norte,HURTO A PERSONAS,1.0
392,2023,6,Dia del Campesino,Nor Oriental,HURTO A PERSONAS,1.0
393,2023,6,Dia del Campesino,San Francisco,VIOLENCIA INTRAFAMILIAR,1.0
394,2023,6,Dia del Campesino,Occidental,VIOLENCIA INTRAFAMILIAR,1.0
395,2023,6,Dia del Campesino,García Rovira,HURTO A MOTOCICLETAS,2.0
396,2023,6,Dia del Campesino,La Concordia,HURTO A MOTOCICLETAS,2.0
397,2023,6,Dia del Campesino,La Ciudadela,HURTO A RESIDENCIAS,1.0
398,2023,6,Dia del Campesino,Sur Occidente,HURTO A RESIDENCIAS,1.0
399,2023,6,Dia del Campesino,La Pedregosa,HURTO A RESIDENCIAS,1.0
400,2023,6,Dia del Campesino,Provenza,LESIONES CULPOSAS ( EN ACCIDENTE DE TRANSITO ),1.0
401,2023,6,Dia del Campesino,Sur,LESIONES CULPOSAS ( EN ACCIDENTE DE TRANSITO ),1.0
402,2023,6,Dia del Campesino,Cabecera del Llano,HURTO A PERSONAS,7.0
403,2023,6,Dia del Campesino,Oriental,HURTO A PERSONAS,4.0
404,2023,6,Dia del Campesino,Morrorico,HURTO A PERSONAS,4.0
405,2023,6,Dia del Campesino,Centro,LESIONES CULPOSAS ( EN ACCIDENTE DE TRANSITO ),1.5
406,2023,6,Dia del Campesino,Lagos del Cacique,HURTO A PERSONAS,1.0
407,2023,6,Dia del Campesino,Mutis,LESIONES PERSONALES,5.0
408,2023,6,Domingo,Norte,LESIONES CULPOSAS ( EN ACCIDENTE DE TRANSITO ),7.666666666666667
409,2023,6,Domingo,Nor Oriental,LESIONES PERSONALES,4.5
410,2023,6,Domingo,San Francisco,VIOLENCIA INTRAFAMILIAR,1.8333333333333333
411,2023,6,Domingo,Occidental,VIOLENCIA INTRAFAMILIAR,3.6666666666666665
412,2023,6,Domingo,García Rovira,LESIONES PERSONALES,5.0
413,2023,6,Domingo,La Concordia,LESIONES CULPOSAS ( EN ACCIDENTE DE TRANSITO ),2.0
414,2023,6,Domingo,La Ciudadela,LESIONES PERSONALES,6.0
415,2023,6,Domingo,Sur Occidente,HURTO A PERSONAS,2.0
416,2023,6,Domingo,La Pedregosa,LESIONES CULPOSAS ( EN ACCIDENTE DE TRANSITO ),1.3333333333333333
417,2023,6,Domingo,Provenza,VIOLENCIA INTRAFAMILIAR,2.25
418,2023,6,Domingo,Sur,HURTO A PERSONAS,1.0
419,2023,6,Domingo,Cabecera del Llano,LESIONES CULPOSAS ( EN ACCIDENTE DE TRANSITO ),4.666666666666667
420,2023,6,Domingo,Oriental,LESIONES CULPOSAS ( EN ACCIDENTE DE TRANSITO ),1.3333333333333333
421,2023,6,Domingo,Morrorico,VIOLENCIA INTRAFAMILIAR,2.25
422,2023,6,Domingo,Centro,HURTO A PERSONAS,6.0
423,2023,6,Domingo,Lagos del Cacique,HURTO A ENTIDADES COMERCIALES,2.0
424,2023,6,Domingo,Mutis,HOMICIDIO,1.0
425,2023,6,Dia del Medio Ambiente,Norte,LESIONES PERSONALES,2.0
426,2023,6,Dia del Medio Ambiente,Nor Oriental,LESIONES PERSONALES,2.0
427,2023,6,Dia del Medio Ambiente,San Francisco,HURTO A RESIDENCIAS,2.25
428,2023,6,Dia del Medio Ambiente,Occidental,HOMICIDIO,1.0
429,2023,6,Dia del Medio Ambiente,García Rovira,HOMICIDIO,1.0
430,2023,6,Dia del Medio Ambiente,La Concordia,LESIONES CULPOSAS ( EN ACCIDENTE DE TRANSITO ),3.0
431,2023,6,Dia del Medio Ambiente,La Ciudadela,HURTO A PERSONAS,1.0
432,2023,6,Dia del Medio Ambiente,Sur Occidente,HURTO A PERSONAS,1.0
433,2023,6,Dia del Medio Ambiente,La Pedregosa,LESIONES CULPOSAS ( EN ACCIDENTE DE TRANSITO ),1.0
434,2023,6,Dia del Medio Ambiente,Provenza,VIOLENCIA INTRAFAMILIAR,2.0
435,2023,6,Dia del Medio Ambiente,Sur,VIOLENCIA INTRAFAMILIAR,1.0
436,2023,6,Dia del Medio Ambiente,Cabecera del Llano,LESIONES CULPOSAS ( EN ACCIDENTE DE TRANSITO ),2.0
437,2023,6,Dia del Medio Ambiente,Oriental,VIOLENCIA INTRAFAMILIAR,4.0
438,2023,6,Dia del Medio Ambiente,Morrorico,VIOLENCIA INTRAFAMILIAR,4.0
439,2023,6,Dia del Medio Ambiente,Centro,HURTO A PERSONAS,4.0
440,2023,6,Dia del Medio Ambiente,Lagos del Cacique,HURTO A PERSONAS,4.0
441,2023,6,Dia del Medio Ambiente,Mutis,HURTO A PERSONAS,4.0
442,2023,6,Dia de Corpus Christi,Norte,LESIONES CULPOSAS ( EN ACCIDENTE DE TRANSITO ),1.0
443,2023,6,Dia de Corpus Christi,Nor Oriental,LESIONES PERSONALES,3.0
444,2023,6,Dia de Corpus Christi,San Francisco,LESIONES PERSONALES,2.0
445,2023,6,Dia de Corpus Christi,Occidental,HURTO A PERSONAS,2.0
446,2023,6,Dia de Corpus Christi,García Rovira,HURTO A ENTIDADES COMERCIALES,2.0
447,2023,6,Dia de Corpus Christi,La Concordia,HURTO A PERSONAS,1.0
448,2023,6,Dia de Corpus Christi,La Ciudadela,HURTO A PERSONAS,3.0
449,2023,6,Dia de Corpus Christi,Sur Occidente,HURTO A PERSONAS,3.0
450,2023,6,Dia de Corpus Christi,La Pedregosa,HURTO A PERSONAS,4.0
451,2023,6,Dia de Corpus Christi,Provenza,HURTO A PERSONAS,2.0
452,2023,6,Dia de Corpus Christi,Sur,HURTO A PERSONAS,2.0
453,2023,6,Dia de Corpus Christi,Cabecera del Llano,HURTO A PERSONAS,1.0
454,2023,6,Dia de Corpus Christi,Oriental,LESIONES CULPOSAS ( EN ACCIDENTE DE TRANSITO ),1.75
455,2023,6,Dia de Corpus Christi,Morrorico,LESIONES CULPOSAS ( EN ACCIDENTE DE TRANSITO ),1.75
456,2023,6,Dia de Corpus Christi,Centro,HURTO A ENTIDADES COMERCIALES,1.0
457,2023,6,Dia de Corpus Christi,Lagos del Cacique,HURTO A ENTIDADES COMERCIALES,2.0
458,2023,6,Dia de Corpus Christi,Mutis,HURTO A ENTIDADES COMERCIALES,2.0
459,2023,6,Dia del Padre,Norte,LESIONES CULPOSAS ( EN ACCIDENTE DE TRANSITO ),3.3333333333333335
460,2023,6,Dia del Padre,Nor Oriental,LESIONES PERSONALES,3.0
461,2023,6,Dia del Padre,San Francisco,HURTO A ENTIDADES COMERCIALES,2.0
462,2023,6,Dia del Padre,Occidental,LESIONES PERSONALES,2.0
463,2023,6,Dia del Padre,García Rovira,LESIONES PERSONALES,3.0
464,2023,6,Dia del Padre,La Concordia,HURTO A PERSONAS,1.0
465,2023,6,Dia del Padre,La Ciudadela,HURTO A PERSONAS,1.0
466,2023,6,Dia del Padre,Sur Occidente,HURTO A PERSONAS,1.0
467,2023,6,Dia del Padre,La Pedregosa,HURTO A PERSONAS,2.0
468,2023,6,Dia del Padre,Provenza,VIOLENCIA INTRAFAMILIAR,2.0
469,2023,6,Dia del Padre,Sur,VIOLENCIA INTRAFAMILIAR,1.0
470,2023,6,Dia del Padre,Cabecera del Llano,LESIONES PERSONALES,1.5
471,2023,6,Dia del Padre,Oriental,HURTO A ENTIDADES COMERCIALES,2.0
472,2023,6,Dia del Padre,Morrorico,VIOLENCIA INTRAFAMILIAR,1.6666666666666667
473,2023,6,Dia del Padre,Centro,HURTO A PERSONAS,2.0
474,2023,6,Dia del Padre,Lagos del Cacique,HURTO A ENTIDADES COMERCIALES,2.0
475,2023,6,Dia del Padre,Mutis,HURTO A ENTIDADES COMERCIALES,2.0
476,2023,6,Dia del Sagrado Corazon de Jesus,Norte,LESIONES PERSONALES,2.0
477,2023,6,Dia del Sagrado Corazon de Jesus,Nor Oriental,LESIONES PERSONALES,3.0
478,2023,6,Dia del Sagrado Corazon de Jesus,San Francisco,HURTO A PERSONAS,3.0
479,2023,6,Dia del Sagrado Corazon de Jesus,Occidental,LESIONES PERSONALES,2.0
480,2023,6,Dia del Sagrado Corazon de Jesus,García Rovira,HURTO A ENTIDADES COMERCIALES,2.0
481,2023,6,Dia del Sagrado Corazon de Jesus,La Concordia,HURTO A PERSONAS,1.0
482,2023,6,Dia del Sagrado Corazon de Jesus,La Ciudadela,HURTO A PERSONAS,1.0
483,2023,6,Dia del Sagrado Corazon de Jesus,Sur Occidente,HURTO A PERSONAS,1.0
484,2023,6,Dia del Sagrado Corazon de Jesus,La Pedregosa,HURTO A PERSONAS,1.0
485,2023,6,Dia del Sagrado Corazon de Jesus,Provenza,HURTO A PERSONAS,1.0
486,2023,6,Dia del Sagrado Corazon de Jesus,Sur,HURTO A PERSONAS,1.0
487,2023,6,Dia del Sagrado Corazon de Jesus,Cabecera del Llano,HURTO A PERSONAS,1.0
488,2023,6,Dia del Sagrado Corazon de Jesus,Oriental,VIOLENCIA INTRAFAMILIAR,3.4
489,2023,6,Dia del Sagrado Corazon de Jesus,Morrorico,VIOLENCIA INTRAFAMILIAR,3.4
490,2023,6,Dia del Sagrado Corazon de Jesus,Centro,HURTO A ENTIDADES COMERCIALES,2.0
491,2023,6,Dia del Sagrado Corazon de Jesus,Lagos del Cacique,HURTO A ENTIDADES COMERCIALES,2.0
492,2023,6,Dia del Sagrado Corazon de Jesus,Mutis,HOMICIDIO CULPOSO ( EN ACCIDENTE DE TRÁNSITO),1.0
493,2023,7,Domingo,Norte,HURTO A ENTIDADES COMERCIALES,2.6666666666666665
494,2023,7,Domingo,Nor Oriental,LESIONES PERSONALES,2.0
495,2023,7,Domingo,San Francisco,VIOLENCIA INTRAFAMILIAR,3.4
496,2023,7,Domingo,Occidental,LESIONES PERSONALES,4.5
497,2023,7,Domingo,García Rovira,LESIONES PERSONALES,3.0
498,2023,7,Domingo,La Concordia,VIOLENCIA INTRAFAMILIAR,2.0
499,2023,7,Domingo,La Ciudadela,HURTO A RESIDENCIAS,1.5
500,2023,7,Domingo,Sur Occidente,HURTO A PERSONAS,1.0
501,2023,7,Domingo,La Pedregosa,HURTO A ENTIDADES COMERCIALES,1.5
502,2023,7,Domingo,Provenza,HURTO A ENTIDADES COMERCIALES,2.0
503,2023,7,Domingo,Sur,HURTO A PERSONAS,1.0
504,2023,7,Domingo,Cabecera del Llano,LESIONES PERSONALES,1.5
505,2023,7,Domingo,Oriental,VIOLENCIA INTRAFAMILIAR,2.75
506,2023,7,Domingo,Morrorico,VIOLENCIA INTRAFAMILIAR,1.75
507,2023,7,Domingo,Centro,LESIONES CULPOSAS ( EN ACCIDENTE DE TRANSITO ),4.333333333333333
508,2023,7,Domingo,Lagos del Cacique,LESIONES CULPOSAS ( EN ACCIDENTE DE TRANSITO ),1.0
509,2023,7,Domingo,Mutis,VIOLENCIA INTRAFAMILIAR,1.3333333333333333
510,2023,7,Dia de San Pedro y San Pablo,Norte,VIOLENCIA INTRAFAMILIAR,2.0
511,2023,7,Dia de San Pedro y San Pablo,Nor Oriental,VIOLENCIA INTRAFAMILIAR,2.0
512,2023,7,Dia de San Pedro y San Pablo,San Francisco,VIOLENCIA INTRAFAMILIAR,1.0
513,2023,7,Dia de San Pedro y San Pablo,Occidental,HURTO A PERSONAS,2.0
514,2023,7,Dia de San Pedro y San Pablo,García Rovira,HURTO A PERSONAS,2.0
515,2023,7,Dia de San Pedro y San Pablo,La Concordia,HURTO A PERSONAS,1.0
516,2023,7,Dia de San Pedro y San Pablo,La Ciudadela,HURTO A PERSONAS,1.0
517,2023,7,Dia de San Pedro y San Pablo,Sur Occidente,HURTO A PERSONAS,1.0
518,2023,7,Dia de San Pedro y San Pablo,La Pedregosa,HURTO A PERSONAS,2.0
519,2023,7,Dia de San Pedro y San Pablo,Provenza,HURTO A PERSONAS,2.0
520,2023,7,Dia de San Pedro y San Pablo,Sur,LESIONES CULPOSAS ( EN ACCIDENTE DE TRANSITO ),1.3333333333333333
521,2023,7,Dia de San Pedro y San Pablo,Cabecera del Llano,LESIONES CULPOSAS ( EN ACCIDENTE DE TRANSITO ),1.3333333333333333
522,2023,7,Dia de San Pedro y San Pablo,Oriental,LESIONES PERSONALES,1.5
523,2023,7,Dia de San Pedro y San Pablo,Morrorico,LESIONES PERSONALES,1.0
524,2023,7,Dia de San Pedro y San Pablo,Centro,LESIONES PERSONALES,1.5
525,2023,7,Dia de San Pedro y San Pablo,Lagos del Cacique,HURTO A MOTOCICLETAS,1.0
526,2023,7,Dia de San Pedro y San Pablo,Mutis,LESIONES PERSONALES,1.5
527,2023,7,Dia de la independencia,Norte,LESIONES CULPOSAS ( EN ACCIDENTE DE TRANSITO ),1.0
528,2023,7,Dia de la independencia,Nor Oriental,LESIONES CULPOSAS ( EN ACCIDENTE DE TRANSITO ),1.0
529,2023,7,Dia de la independencia,San Francisco,LESIONES PERSONALES,2.0
530,2023,7,Dia de la independencia,Occidental,LESIONES PERSONALES,2.0
531,2023,7,Dia de la independencia,García Rovira,LESIONES PERSONALES,1.5
532,2023,7,Dia de la independencia,La Concordia,LESIONES CULPOSAS ( EN ACCIDENTE DE TRANSITO ),1.0
533,2023,7,Dia de la independencia,La Ciudadela,LESIONES PERSONALES,2.0
534,2023,7,Dia de la independencia,Sur Occidente,LESIONES PERSONALES,2.0
535,2023,7,Dia de la independencia,La Pedregosa,LESIONES PERSONALES,1.0
536,2023,7,Dia de la independencia,Provenza,HURTO A PERSONAS,1.0
537,2023,7,Dia de la independencia,Sur,HURTO A MOTOCICLETAS,1.0
538,2023,7,Dia de la independencia,Cabecera del Llano,HURTO A MOTOCICLETAS,1.0
539,2023,7,Dia de la independencia,Oriental,HURTO A ENTIDADES COMERCIALES,1.6666666666666667
540,2023,7,Dia de la independencia,Morrorico,LESIONES PERSONALES,1.0
541,2023,7,Dia de la independencia,Centro,LESIONES CULPOSAS ( EN ACCIDENTE DE TRANSITO ),1.5
542,2023,7,Dia de la independencia,Lagos del Cacique,HURTO A MOTOCICLETAS,1.0
543,2023,7,Dia de la independencia,Mutis,LESIONES PERSONALES,1.5
544,2023,8,Semana Nacional del Tiple,Norte,HURTO A ENTIDADES COMERCIALES,2.0
545,2023,8,Semana Nacional del Tiple,Nor Oriental,LESIONES PERSONALES,1.5
546,2023,8,Semana Nacional del Tiple,San Francisco,VIOLENCIA INTRAFAMILIAR,3.5
547,2023,8,Semana Nacional del Tiple,Occidental,LESIONES PERSONALES,2.0
548,2023,8,Semana Nacional del Tiple,García Rovira,LESIONES CULPOSAS ( EN ACCIDENTE DE TRANSITO ),2.2
549,2023,8,Semana Nacional del Tiple,La Concordia,HURTO A PERSONAS,2.0
550,2023,8,Semana Nacional del Tiple,La Ciudadela,LESIONES PERSONALES,1.0
551,2023,8,Semana Nacional del Tiple,Sur Occidente,VIOLENCIA INTRAFAMILIAR,1.0
552,2023,8,Semana Nacional del Tiple,La Pedregosa,VIOLENCIA INTRAFAMILIAR,1.0
553,2023,8,Semana Nacional del Tiple,Provenza,LESIONES PERSONALES,1.0
554,2023,8,Semana Nacional del Tiple,Sur,HURTO A PERSONAS,1.0
555,2023,8,Semana Nacional del Tiple,Cabecera del Llano,LESIONES CULPOSAS ( EN ACCIDENTE DE TRANSITO ),3.6666666666666665
556,2023,8,Semana Nacional del Tiple,Oriental,LESIONES CULPOSAS ( EN ACCIDENTE DE TRANSITO ),4.666666666666667
557,2023,8,Semana Nacional del Tiple,Morrorico,LESIONES CULPOSAS ( EN ACCIDENTE DE TRANSITO ),1.3333333333333333
558,2023,8,Semana Nacional del Tiple,Centro,LESIONES CULPOSAS ( EN ACCIDENTE DE TRANSITO ),4.0
559,2023,8,Semana Nacional del Tiple,Lagos del Cacique,VIOLENCIA INTRAFAMILIAR,1.5
560,2023,8,Semana Nacional del Tiple,Mutis,HURTO A PERSONAS,1.0
561,2023,8,Domingo,Norte,VIOLENCIA INTRAFAMILIAR,3.2
562,2023,8,Domingo,Nor Oriental,LESIONES CULPOSAS ( EN ACCIDENTE DE TRANSITO ),2.3333333333333335
563,2023,8,Domingo,San Francisco,HURTO A ENTIDADES COMERCIALES,2.3333333333333335
564,2023,8,Domingo,Occidental,HURTO A RESIDENCIAS,2.0
565,2023,8,Domingo,García Rovira,HURTO A RESIDENCIAS,2.5
566,2023,8,Domingo,La Concordia,VIOLENCIA INTRAFAMILIAR,2.5
567,2023,8,Domingo,La Ciudadela,LESIONES PERSONALES,1.5
568,2023,8,Domingo,Sur Occidente,LESIONES PERSONALES,2.0
569,2023,8,Domingo,La Pedregosa,HURTO A ENTIDADES COMERCIALES,2.5
570,2023,8,Domingo,Provenza,VIOLENCIA INTRAFAMILIAR,1.25
571,2023,8,Domingo,Sur,HURTO A PERSONAS,2.0
572,2023,8,Domingo,Cabecera del Llano,VIOLENCIA INTRAFAMILIAR,2.1666666666666665
573,2023,8,Domingo,Oriental,VIOLENCIA INTRAFAMILIAR,4.2
574,2023,8,Domingo,Morrorico,LESIONES PERSONALES,2.0
575,2023,8,Domingo,Centro,VIOLENCIA INTRAFAMILIAR,2.6666666666666665
576,2023,8,Domingo,Lagos del Cacique,LESIONES PERSONALES,1.0
577,2023,8,Domingo,Mutis,LESIONES PERSONALES,1.0
578,2023,8,Concurso Nacional del Tiple,Norte,LESIONES PERSONALES,2.0
579,2023,8,Concurso Nacional del Tiple,Nor Oriental,LESIONES PERSONALES,3.0
580,2023,8,Concurso Nacional del Tiple,San Francisco,LESIONES PERSONALES,1.0
581,2023,8,Concurso Nacional del Tiple,Occidental,LESIONES CULPOSAS ( EN ACCIDENTE DE TRANSITO ),1.3333333333333333
582,2023,8,Concurso Nacional del Tiple,García Rovira,LESIONES CULPOSAS ( EN ACCIDENTE DE TRANSITO ),1.0
583,2023,8,Concurso Nacional del Tiple,La Concordia,HURTO A PERSONAS,1.0
584,2023,8,Concurso Nacional del Tiple,La Ciudadela,HURTO A PERSONAS,1.0
585,2023,8,Concurso Nacional del Tiple,Sur Occidente,HURTO A PERSONAS,1.0
586,2023,8,Concurso Nacional del Tiple,La Pedregosa,HOMICIDIO,1.0
587,2023,8,Concurso Nacional del Tiple,Provenza,HURTO A MOTOCICLETAS,1.0
588,2023,8,Concurso Nacional del Tiple,Sur,HURTO A PERSONAS,1.0
589,2023,8,Concurso Nacional del Tiple,Cabecera del Llano,VIOLENCIA INTRAFAMILIAR,1.5
590,2023,8,Concurso Nacional del Tiple,Oriental,LESIONES PERSONALES,2.5
591,2023,8,Concurso Nacional del Tiple,Morrorico,LESIONES PERSONALES,1.0
592,2023,8,Concurso Nacional del Tiple,Centro,LESIONES CULPOSAS ( EN ACCIDENTE DE TRANSITO ),2.5
593,2023,8,Concurso Nacional del Tiple,Lagos del Cacique,HURTO A MOTOCICLETAS,1.0
594,2023,8,Concurso Nacional del Tiple,Mutis,HURTO A PERSONAS,1.0
595,2023,8,Batalla de Boyaca,Norte,LESIONES PERSONALES,2.0
596,2023,8,Batalla de Boyaca,Nor Oriental,LESIONES PERSONALES,3.0
597,2023,8,Batalla de Boyaca,San Francisco,LESIONES PERSONALES,1.0
598,2023,8,Batalla de Boyaca,Occidental,LESIONES CULPOSAS ( EN ACCIDENTE DE TRANSITO ),1.3333333333333333
599,2023,8,Batalla de Boyaca,García Rovira,LESIONES CULPOSAS ( EN ACCIDENTE DE TRANSITO ),1.0
600,2023,8,Batalla de Boyaca,La Concordia,HURTO A PERSONAS,4.0
601,2023,8,Batalla de Boyaca,La Ciudadela,HURTO A PERSONAS,1.0
602,2023,8,Batalla de Boyaca,Sur Occidente,HURTO A PERSONAS,1.0
603,2023,8,Batalla de Boyaca,La Pedregosa,HOMICIDIO,1.0
604,2023,8,Batalla de Boyaca,Provenza,HURTO A MOTOCICLETAS,1.0
605,2023,8,Batalla de Boyaca,Sur,HURTO A PERSONAS,1.0
606,2023,8,Batalla de Boyaca,Cabecera del Llano,VIOLENCIA INTRAFAMILIAR,1.5
607,2023,8,Batalla de Boyaca,Oriental,LESIONES PERSONALES,2.5
608,2023,8,Batalla de Boyaca,Morrorico,LESIONES PERSONALES,1.0
609,2023,8,Batalla de Boyaca,Centro,LESIONES CULPOSAS ( EN ACCIDENTE DE TRANSITO ),2.5
610,2023,8,Batalla de Boyaca,Lagos del Cacique,HURTO A MOTOCICLETAS,1.0
611,2023,8,Batalla de Boyaca,Mutis,HURTO A PERSONAS,1.0
612,2023,8,Dia del Ejercito Nacional,Norte,LESIONES PERSONALES,2.0
613,2023,8,Dia del Ejercito Nacional,Nor Oriental,LESIONES PERSONALES,3.0
614,2023,8,Dia del Ejercito Nacional,San Francisco,LESIONES PERSONALES,1.0
615,2023,8,Dia del Ejercito Nacional,Occidental,LESIONES CULPOSAS ( EN ACCIDENTE DE TRANSITO ),1.3333333333333333
616,2023,8,Dia del Ejercito Nacional,García Rovira,LESIONES CULPOSAS ( EN ACCIDENTE DE TRANSITO ),1.0
617,2023,8,Dia del Ejercito Nacional,La Concordia,HURTO A PERSONAS,4.0
618,2023,8,Dia del Ejercito Nacional,La Ciudadela,HURTO A PERSONAS,1.0
619,2023,8,Dia del Ejercito Nacional,Sur Occidente,HURTO A PERSONAS,1.0
620,2023,8,Dia del Ejercito Nacional,La Pedregosa,HOMICIDIO,1.0
621,2023,8,Dia del Ejercito Nacional,Provenza,HURTO A MOTOCICLETAS,1.0
622,2023,8,Dia del Ejercito Nacional,Sur,HURTO A PERSONAS,1.0
623,2023,8,Dia del Ejercito Nacional,Cabecera del Llano,VIOLENCIA INTRAFAMILIAR,1.5
624,2023,8,Dia del Ejercito Nacional,Oriental,LESIONES PERSONALES,2.5
625,2023,8,Dia del Ejercito Nacional,Morrorico,LESIONES PERSONALES,1.0
626,2023,8,Dia del Ejercito Nacional,Centro,LESIONES CULPOSAS ( EN ACCIDENTE DE TRANSITO ),2.5
627,2023,8,Dia del Ejercito Nacional,Lagos del Cacique,HURTO A MOTOCICLETAS,1.0
628,2023,8,Dia del Ejercito Nacional,Mutis,HURTO A PERSONAS,1.0
629,2023,8,Dia del Ingeniero,Norte,VIOLENCIA INTRAFAMILIAR,1.5
630,2023,8,Dia del Ingeniero,Nor Oriental,VIOLENCIA INTRAFAMILIAR,1.5
631,2023,8,Dia del Ingeniero,San Francisco,HURTO A PERSONAS,2.0
632,2023,8,Dia del Ingeniero,Occidental,HURTO A PERSONAS,2.0
633,2023,8,Dia del Ingeniero,García Rovira,LESIONES PERSONALES,1.0
634,2023,8,Dia del Ingeniero,La Concordia,HURTO A PERSONAS,2.0
635,2023,8,Dia del Ingeniero,La Ciudadela,HURTO A PERSONAS,2.0
636,2023,8,Dia del Ingeniero,Sur Occidente,HURTO A PERSONAS,2.0
637,2023,8,Dia del Ingeniero,La Pedregosa,HURTO A PERSONAS,1.0
638,2023,8,Dia del Ingeniero,Provenza,HURTO A RESIDENCIAS,1.0
639,2023,8,Dia del Ingeniero,Sur,HURTO A RESIDENCIAS,1.0
640,2023,8,Dia del Ingeniero,Cabecera del Llano,HURTO A RESIDENCIAS,1.0
641,2023,8,Dia del Ingeniero,Oriental,LESIONES PERSONALES,2.5
642,2023,8,Dia del Ingeniero,Morrorico,HURTO A PERSONAS,2.0
643,2023,8,Dia del Ingeniero,Centro,LESIONES PERSONALES,1.0
644,2023,8,Dia del Ingeniero,Lagos del Cacique,HURTO A PERSONAS,1.0
645,2023,8,Dia del Ingeniero,Mutis,HURTO A PERSONAS,1.0
646,2023,8,Asuncion de la Virgen,Norte,VIOLENCIA INTRAFAMILIAR,3.5
647,2023,8,Asuncion de la Virgen,Nor Oriental,VIOLENCIA INTRAFAMILIAR,3.5
648,2023,8,Asuncion de la Virgen,San Francisco,LESIONES PERSONALES,1.0
649,2023,8,Asuncion de la Virgen,Occidental,HURTO A MOTOCICLETAS,2.0
650,2023,8,Asuncion de la Virgen,García Rovira,HOMICIDIO,2.0
651,2023,8,Asuncion de la Virgen,La Concordia,HOMICIDIO,2.0
652,2023,8,Asuncion de la Virgen,La Ciudadela,EXTORSIÓN,1.0
653,2023,8,Asuncion de la Virgen,Sur Occidente,EXTORSIÓN,1.0
654,2023,8,Asuncion de la Virgen,La Pedregosa,EXTORSIÓN,1.0
655,2023,8,Asuncion de la Virgen,Provenza,EXTORSIÓN,1.0
656,2023,8,Asuncion de la Virgen,Sur,HURTO A RESIDENCIAS,1.0
657,2023,8,Asuncion de la Virgen,Cabecera del Llano,HURTO A PERSONAS,2.0
658,2023,8,Asuncion de la Virgen,Oriental,VIOLENCIA INTRAFAMILIAR,1.6666666666666667
659,2023,8,Asuncion de la Virgen,Morrorico,VIOLENCIA INTRAFAMILIAR,1.6666666666666667
660,2023,8,Asuncion de la Virgen,Centro,LESIONES CULPOSAS ( EN ACCIDENTE DE TRANSITO ),1.0
661,2023,8,Asuncion de la Virgen,Lagos del Cacique,HURTO A ENTIDADES COMERCIALES,1.0
662,2023,8,Asuncion de la Virgen,Mutis,HURTO A ENTIDADES COMERCIALES,1.0
663,2023,8,Dia del Adulto Mayor,Norte,LESIONES PERSONALES,1.0
664,2023,8,Dia del Adulto Mayor,Nor Oriental,LESIONES PERSONALES,3.0
665,2023,8,Dia del Adulto Mayor,San Francisco,VIOLENCIA INTRAFAMILIAR,1.3333333333333333
666,2023,8,Dia del Adulto Mayor,Occidental,VIOLENCIA INTRAFAMILIAR,1.0
667,2023,8,Dia del Adulto Mayor,García Rovira,LESIONES PERSONALES,4.0
668,2023,8,Dia del Adulto Mayor,La Concordia,HURTO A PERSONAS,1.0
669,2023,8,Dia del Adulto Mayor,La Ciudadela,HURTO A PERSONAS,1.0
670,2023,8,Dia del Adulto Mayor,Sur Occidente,HURTO A PERSONAS,1.0
671,2023,8,Dia del Adulto Mayor,La Pedregosa,HOMICIDIO,1.0
672,2023,8,Dia del Adulto Mayor,Provenza,HURTO A MOTOCICLETAS,1.0
673,2023,8,Dia del Adulto Mayor,Sur,HURTO A PERSONAS,2.0
674,2023,8,Dia del Adulto Mayor,Cabecera del Llano,HURTO A PERSONAS,2.0
675,2023,8,Dia del Adulto Mayor,Oriental,HURTO A RESIDENCIAS,1.0
676,2023,8,Dia del Adulto Mayor,Morrorico,HURTO A RESIDENCIAS,1.0
677,2023,8,Dia del Adulto Mayor,Centro,LESIONES PERSONALES,1.3333333333333333
678,2023,8,Dia del Adulto Mayor,Lagos del Cacique,HURTO A MOTOCICLETAS,1.0
679,2023,8,Dia del Adulto Mayor,Mutis,LESIONES PERSONALES,1.0
680,2023,9,Domingo,Norte,LESIONES CULPOSAS ( EN ACCIDENTE DE TRANSITO ),3.3333333333333335
681,2023,9,Domingo,Nor Oriental,LESIONES PERSONALES,3.0
682,2023,9,Domingo,San Francisco,LESIONES PERSONALES,3.0
683,2023,9,Domingo,Occidental,LESIONES CULPOSAS ( EN ACCIDENTE DE TRANSITO ),2.0
684,2023,9,Domingo,García Rovira,LESIONES CULPOSAS ( EN ACCIDENTE DE TRANSITO ),1.5
685,2023,9,Domingo,La Concordia,LESIONES CULPOSAS ( EN ACCIDENTE DE TRANSITO ),3.3333333333333335
686,2023,9,Domingo,La Ciudadela,HURTO A PERSONAS,1.0
687,2023,9,Domingo,Sur Occidente,VIOLENCIA INTRAFAMILIAR,1.5
688,2023,9,Domingo,La Pedregosa,HURTO A PERSONAS,1.0
689,2023,9,Domingo,Provenza,VIOLENCIA INTRAFAMILIAR,2.25
690,2023,9,Domingo,Sur,LESIONES PERSONALES,1.0
691,2023,9,Domingo,Cabecera del Llano,VIOLENCIA INTRAFAMILIAR,2.2
692,2023,9,Domingo,Oriental,VIOLENCIA INTRAFAMILIAR,3.5
693,2023,9,Domingo,Morrorico,HURTO A ENTIDADES COMERCIALES,1.0
694,2023,9,Domingo,Centro,HURTO A ENTIDADES COMERCIALES,1.7142857142857142
695,2023,9,Domingo,Lagos del Cacique,LESIONES CULPOSAS ( EN ACCIDENTE DE TRANSITO ),3.0
696,2023,9,Domingo,Mutis,VIOLENCIA INTRAFAMILIAR,1.0
697,2023,9,Feria Bonita,Norte,LESIONES CULPOSAS ( EN ACCIDENTE DE TRANSITO ),9.0
698,2023,9,Feria Bonita,Nor Oriental,HURTO A ENTIDADES COMERCIALES,2.6
699,2023,9,Feria Bonita,San Francisco,VIOLENCIA INTRAFAMILIAR,5.833333333333333
700,2023,9,Feria Bonita,Occidental,VIOLENCIA INTRAFAMILIAR,2.75
701,2023,9,Feria Bonita,García Rovira,HURTO A ENTIDADES COMERCIALES,3.3333333333333335
702,2023,9,Feria Bonita,La Concordia,LESIONES CULPOSAS ( EN ACCIDENTE DE TRANSITO ),8.0
703,2023,9,Feria Bonita,La Ciudadela,LESIONES CULPOSAS ( EN ACCIDENTE DE TRANSITO ),2.0
704,2023,9,Feria Bonita,Sur Occidente,HURTO A RESIDENCIAS,1.0
705,2023,9,Feria Bonita,La Pedregosa,LESIONES PERSONALES,2.5
706,2023,9,Feria Bonita,Provenza,VIOLENCIA INTRAFAMILIAR,3.8
707,2023,9,Feria Bonita,Sur,LESIONES CULPOSAS ( EN ACCIDENTE DE TRANSITO ),1.6666666666666667
708,2023,9,Feria Bonita,Cabecera del Llano,VIOLENCIA INTRAFAMILIAR,5.2
709,2023,9,Feria Bonita,Oriental,HURTO A ENTIDADES COMERCIALES,8.333333333333334
710,2023,9,Feria Bonita,Morrorico,VIOLENCIA INTRAFAMILIAR,1.6
711,2023,9,Feria Bonita,Centro,VIOLENCIA INTRAFAMILIAR,7.666666666666667
712,2023,9,Feria Bonita,Lagos del Cacique,LESIONES CULPOSAS ( EN ACCIDENTE DE TRANSITO ),1.6666666666666667
713,2023,9,Feria Bonita,Mutis,LESIONES CULPOSAS ( EN ACCIDENTE DE TRANSITO ),1.8
714,2023,9,Dia de Amor y Amistad,Norte,HURTO A PERSONAS,1.0
715,2023,9,Dia de Amor y Amistad,Nor Oriental,VIOLENCIA INTRAFAMILIAR,1.0
716,2023,9,Dia de Amor y Amistad,San Francisco,HURTO A PERSONAS,2.0
717,2023,9,Dia de Amor y Amistad,Occidental,HURTO A PERSONAS,1.0
718,2023,9,Dia de Amor y Amistad,García Rovira,LESIONES CULPOSAS,1.0
719,2023,9,Dia de Amor y Amistad,La Concordia,LESIONES PERSONALES,1.5
720,2023,9,Dia de Amor y Amistad,La Ciudadela,HURTO A RESIDENCIAS,1.0
721,2023,9,Dia de Amor y Amistad,Sur Occidente,LESIONES PERSONALES,1.0
722,2023,9,Dia de Amor y Amistad,La Pedregosa,LESIONES PERSONALES,1.0
723,2023,9,Dia de Amor y Amistad,Provenza,HURTO A RESIDENCIAS,1.0
724,2023,9,Dia de Amor y Amistad,Sur,LESIONES CULPOSAS ( EN ACCIDENTE DE TRANSITO ),1.3333333333333333
725,2023,9,Dia de Amor y Amistad,Cabecera del Llano,LESIONES PERSONALES,1.0
726,2023,9,Dia de Amor y Amistad,Oriental,VIOLENCIA INTRAFAMILIAR,1.3333333333333333
727,2023,9,Dia de Amor y Amistad,Morrorico,HOMICIDIO CULPOSO ( EN ACCIDENTE DE TRÁNSITO),1.0
728,2023,9,Dia de Amor y Amistad,Centro,VIOLENCIA INTRAFAMILIAR,2.5
729,2023,9,Dia de Amor y Amistad,Lagos del Cacique,VIOLENCIA INTRAFAMILIAR,2.5
730,2023,9,Dia de Amor y Amistad,Mutis,HURTO A ENTIDADES COMERCIALES,1.0
731,2023,9,Festival Internacional del Piano de Santander la IUS,Norte,VIOLENCIA INTRAFAMILIAR,1.6666666666666667
732,2023,9,Festival Internacional del Piano de Santander la IUS,Nor Oriental,LESIONES PERSONALES,3.0
733,2023,9,Festival Internacional del Piano de Santander la IUS,San Francisco,LESIONES PERSONALES,6.5
734,2023,9,Festival Internacional del Piano de Santander la IUS,Occidental,VIOLENCIA INTRAFAMILIAR,1.25
735,2023,9,Festival Internacional del Piano de Santander la IUS,García Rovira,LESIONES PERSONALES,2.5
736,2023,9,Festival Internacional del Piano de Santander la IUS,La Concordia,VIOLENCIA INTRAFAMILIAR,2.0
737,2023,9,Festival Internacional del Piano de Santander la IUS,La Ciudadela,HURTO A PERSONAS,1.0
738,2023,9,Festival Internacional del Piano de Santander la IUS,Sur Occidente,LESIONES PERSONALES,1.5
739,2023,9,Festival Internacional del Piano de Santander la IUS,La Pedregosa,LESIONES PERSONALES,1.6666666666666667
740,2023,9,Festival Internacional del Piano de Santander la IUS,Provenza,HURTO A PERSONAS,1.0
741,2023,9,Festival Internacional del Piano de Santander la IUS,Sur,HURTO A PERSONAS,1.0
742,2023,9,Festival Internacional del Piano de Santander la IUS,Cabecera del Llano,LESIONES CULPOSAS ( EN ACCIDENTE DE TRANSITO ),3.25
743,2023,9,Festival Internacional del Piano de Santander la IUS,Oriental,LESIONES PERSONALES,1.6666666666666667
744,2023,9,Festival Internacional del Piano de Santander la IUS,Morrorico,LESIONES PERSONALES,1.6666666666666667
745,2023,9,Festival Internacional del Piano de Santander la IUS,Centro,VIOLENCIA INTRAFAMILIAR,1.0
746,2023,9,Festival Internacional del Piano de Santander la IUS,Lagos del Cacique,VIOLENCIA INTRAFAMILIAR,4.0
747,2023,9,Festival Internacional del Piano de Santander la IUS,Mutis,VIOLENCIA INTRAFAMILIAR,5.666666666666667
748,2023,9,Dia de la Seguridad Social,Norte,LESIONES PERSONALES,2.0
749,2023,9,Dia de la Seguridad Social,Nor Oriental,LESIONES PERSONALES,2.0
750,2023,9,Dia de la Seguridad Social,San Francisco,LESIONES CULPOSAS ( EN ACCIDENTE DE TRANSITO ),1.5
751,2023,9,Dia de la Seguridad Social,Occidental,LESIONES CULPOSAS ( EN ACCIDENTE DE TRANSITO ),1.3333333333333333
752,2023,9,Dia de la Seguridad Social,García Rovira,LESIONES PERSONALES,1.0
753,2023,9,Dia de la Seguridad Social,La Concordia,LESIONES PERSONALES,1.0
754,2023,9,Dia de la Seguridad Social,La Ciudadela,HURTO A PERSONAS,1.0
755,2023,9,Dia de la Seguridad Social,Sur Occidente,HURTO A PERSONAS,1.0
756,2023,9,Dia de la Seguridad Social,La Pedregosa,LESIONES PERSONALES,2.0
757,2023,9,Dia de la Seguridad Social,Provenza,LESIONES PERSONALES,2.0
758,2023,9,Dia de la Seguridad Social,Sur,LESIONES PERSONALES,1.0
759,2023,9,Dia de la Seguridad Social,Cabecera del Llano,HURTO A PERSONAS,1.0
760,2023,9,Dia de la Seguridad Social,Oriental,HURTO A PERSONAS,1.0
761,2023,9,Dia de la Seguridad Social,Morrorico,LESIONES PERSONALES,1.0
762,2023,9,Dia de la Seguridad Social,Centro,HOMICIDIO,1.0
763,2023,9,Dia de la Seguridad Social,Lagos del Cacique,LESIONES CULPOSAS ( EN ACCIDENTE DE TRANSITO ),1.0
764,2023,9,Dia de la Seguridad Social,Mutis,HURTO A PERSONAS,2.0
765,2023,9,Festival Internacional de Cine de Santander,Norte,LESIONES CULPOSAS ( EN ACCIDENTE DE TRANSITO ),8.0
766,2023,9,Festival Internacional de Cine de Santander,Nor Oriental,VIOLENCIA INTRAFAMILIAR,2.5
767,2023,9,Festival Internacional de Cine de Santander,San Francisco,VIOLENCIA INTRAFAMILIAR,4.5
768,2023,9,Festival Internacional de Cine de Santander,Occidental,VIOLENCIA INTRAFAMILIAR,2.5
769,2023,9,Festival Internacional de Cine de Santander,García Rovira,HURTO A ENTIDADES COMERCIALES,2.1666666666666665
770,2023,9,Festival Internacional de Cine de Santander,La Concordia,LESIONES CULPOSAS ( EN ACCIDENTE DE TRANSITO ),5.75
771,2023,9,Festival Internacional de Cine de Santander,La Ciudadela,LESIONES CULPOSAS ( EN ACCIDENTE DE TRANSITO ),1.6666666666666667
772,2023,9,Festival Internacional de Cine de Santander,Sur Occidente,HURTO A RESIDENCIAS,1.0
773,2023,9,Festival Internacional de Cine de Santander,La Pedregosa,LESIONES PERSONALES,2.5
774,2023,9,Festival Internacional de Cine de Santander,Provenza,VIOLENCIA INTRAFAMILIAR,3.4
775,2023,9,Festival Internacional de Cine de Santander,Sur,LESIONES CULPOSAS ( EN ACCIDENTE DE TRANSITO ),1.6666666666666667
776,2023,9,Festival Internacional de Cine de Santander,Cabecera del Llano,LESIONES CULPOSAS ( EN ACCIDENTE DE TRANSITO ),5.75
777,2023,9,Festival Internacional de Cine de Santander,Oriental,HURTO A ENTIDADES COMERCIALES,8.6
778,2023,9,Festival Internacional de Cine de Santander,Morrorico,HURTO A ENTIDADES COMERCIALES,1.75
779,2023,9,Festival Internacional de Cine de Santander,Centro,VIOLENCIA INTRAFAMILIAR,6.5
780,2023,9,Festival Internacional de Cine de Santander,Lagos del Cacique,LESIONES CULPOSAS ( EN ACCIDENTE DE TRANSITO ),2.0
781,2023,9,Festival Internacional de Cine de Santander,Mutis,LESIONES CULPOSAS ( EN ACCIDENTE DE TRANSITO ),1.8
782,2023,9,Dia del Turismo,Norte,VIOLENCIA INTRAFAMILIAR,1.5
783,2023,9,Dia del Turismo,Nor Oriental,VIOLENCIA INTRAFAMILIAR,1.5
784,2023,9,Dia del Turismo,San Francisco,VIOLENCIA INTRAFAMILIAR,1.0
785,2023,9,Dia del Turismo,Occidental,VIOLENCIA INTRAFAMILIAR,1.0
786,2023,9,Dia del Turismo,García Rovira,LESIONES PERSONALES,3.0
787,2023,9,Dia del Turismo,La Concordia,HURTO A PERSONAS,2.0
788,2023,9,Dia del Turismo,La Ciudadela,HURTO A PERSONAS,1.0
789,2023,9,Dia del Turismo,Sur Occidente,HURTO A PERSONAS,1.0
790,2023,9,Dia del Turismo,La Pedregosa,HOMICIDIO,1.0
791,2023,9,Dia del Turismo,Provenza,HURTO A MOTOCICLETAS,1.0
792,2023,9,Dia del Turismo,Sur,HURTO A PERSONAS,1.0
793,2023,9,Dia del Turismo,Cabecera del Llano,VIOLENCIA INTRAFAMILIAR,1.0
794,2023,9,Dia del Turismo,Oriental,HURTO A PERSONAS,1.0
795,2023,9,Dia del Turismo,Morrorico,HURTO A PERSONAS,1.0
796,2023,9,Dia del Turismo,Centro,HURTO A PERSONAS,4.0
797,2023,9,Dia del Turismo,Lagos del Cacique,HURTO A PERSONAS,1.0
798,2023,9,Dia del Turismo,Mutis,HURTO A PERSONAS,2.0
799,2023,10,Festival Internacional del Piano de Santander la IUS,Norte,VIOLENCIA INTRAFAMILIAR,1.6666666666666667
800,2023,10,Festival Internacional del Piano de Santander la IUS,Nor Oriental,LESIONES PERSONALES,3.0
801,2023,10,Festival Internacional del Piano de Santander la IUS,San Francisco,LESIONES PERSONALES,6.5
802,2023,10,Festival Internacional del Piano de Santander la IUS,Occidental,VIOLENCIA INTRAFAMILIAR,1.25
803,2023,10,Festival Internacional del Piano de Santander la IUS,García Rovira,LESIONES PERSONALES,2.5
804,2023,10,Festival Internacional del Piano de Santander la IUS,La Concordia,VIOLENCIA INTRAFAMILIAR,2.0
805,2023,10,Festival Internacional del Piano de Santander la IUS,La Ciudadela,HURTO A PERSONAS,1.0
806,2023,10,Festival Internacional del Piano de Santander la IUS,Sur Occidente,LESIONES PERSONALES,1.5
807,2023,10,Festival Internacional del Piano de Santander la IUS,La Pedregosa,LESIONES PERSONALES,1.6666666666666667
808,2023,10,Festival Internacional del Piano de Santander la IUS,Provenza,HURTO A PERSONAS,1.0
809,2023,10,Festival Internacional del Piano de Santander la IUS,Sur,HURTO A PERSONAS,1.0
810,2023,10,Festival Internacional del Piano de Santander la IUS,Cabecera del Llano,LESIONES CULPOSAS ( EN ACCIDENTE DE TRANSITO ),3.25
811,2023,10,Festival Internacional del Piano de Santander la IUS,Oriental,LESIONES PERSONALES,1.6666666666666667
812,2023,10,Festival Internacional del Piano de Santander la IUS,Morrorico,LESIONES PERSONALES,1.6666666666666667
813,2023,10,Festival Internacional del Piano de Santander la IUS,Centro,VIOLENCIA INTRAFAMILIAR,1.0
814,2023,10,Festival Internacional del Piano de Santander la IUS,Lagos del Cacique,VIOLENCIA INTRAFAMILIAR,4.0
815,2023,10,Festival Internacional del Piano de Santander la IUS,Mutis,VIOLENCIA INTRAFAMILIAR,5.666666666666667
816,2023,10,Domingo,Norte,VIOLENCIA INTRAFAMILIAR,6.0
817,2023,10,Domingo,Nor Oriental,LESIONES PERSONALES,3.0
818,2023,10,Domingo,San Francisco,LESIONES PERSONALES,3.0
819,2023,10,Domingo,Occidental,LESIONES CULPOSAS ( EN ACCIDENTE DE TRANSITO ),2.0
820,2023,10,Domingo,García Rovira,LESIONES CULPOSAS ( EN ACCIDENTE DE TRANSITO ),1.5
821,2023,10,Domingo,La Concordia,VIOLENCIA INTRAFAMILIAR,3.5
822,2023,10,Domingo,La Ciudadela,HURTO A PERSONAS,4.0
823,2023,10,Domingo,Sur Occidente,VIOLENCIA INTRAFAMILIAR,1.5
824,2023,10,Domingo,La Pedregosa,HURTO A PERSONAS,4.0
825,2023,10,Domingo,Provenza,HURTO A ENTIDADES COMERCIALES,1.25
826,2023,10,Domingo,Sur,VIOLENCIA INTRAFAMILIAR,2.0
827,2023,10,Domingo,Cabecera del Llano,VIOLENCIA INTRAFAMILIAR,2.2
828,2023,10,Domingo,Oriental,VIOLENCIA INTRAFAMILIAR,3.5
829,2023,10,Domingo,Morrorico,HURTO A ENTIDADES COMERCIALES,1.6666666666666667
830,2023,10,Domingo,Centro,HURTO A ENTIDADES COMERCIALES,1.7142857142857142
831,2023,10,Domingo,Lagos del Cacique,LESIONES CULPOSAS ( EN ACCIDENTE DE TRANSITO ),3.0
832,2023,10,Domingo,Mutis,VIOLENCIA INTRAFAMILIAR,1.0
833,2023,10,Dia de la Raza,Norte,LESIONES PERSONALES,2.0
834,2023,10,Dia de la Raza,Nor Oriental,LESIONES PERSONALES,2.0
835,2023,10,Dia de la Raza,San Francisco,LESIONES PERSONALES,1.0
836,2023,10,Dia de la Raza,Occidental,LESIONES CULPOSAS ( EN ACCIDENTE DE TRANSITO ),1.3333333333333333
837,2023,10,Dia de la Raza,García Rovira,LESIONES CULPOSAS ( EN ACCIDENTE DE TRANSITO ),1.0
838,2023,10,Dia de la Raza,La Concordia,LESIONES PERSONALES,1.5
839,2023,10,Dia de la Raza,La Ciudadela,HURTO A PERSONAS,1.0
840,2023,10,Dia de la Raza,Sur Occidente,HURTO A PERSONAS,1.0
841,2023,10,Dia de la Raza,La Pedregosa,HOMICIDIO,1.0
842,2023,10,Dia de la Raza,Provenza,HURTO A MOTOCICLETAS,1.0
843,2023,10,Dia de la Raza,Sur,HURTO A PERSONAS,1.0
844,2023,10,Dia de la Raza,Cabecera del Llano,VIOLENCIA INTRAFAMILIAR,1.5
845,2023,10,Dia de la Raza,Oriental,LESIONES PERSONALES,2.5
846,2023,10,Dia de la Raza,Morrorico,LESIONES PERSONALES,1.0
847,2023,10,Dia de la Raza,Centro,LESIONES CULPOSAS ( EN ACCIDENTE DE TRANSITO ),2.5
848,2023,10,Dia de la Raza,Lagos del Cacique,LESIONES CULPOSAS ( EN ACCIDENTE DE TRANSITO ),1.0
849,2023,10,Dia de la Raza,Mutis,HURTO A PERSONAS,2.0
850,2023,10,Halloween,Norte,LESIONES PERSONALES,2.0
851,2023,10,Halloween,Nor Oriental,LESIONES PERSONALES,2.0
852,2023,10,Halloween,San Francisco,LESIONES PERSONALES,1.0
853,2023,10,Halloween,Occidental,LESIONES CULPOSAS ( EN ACCIDENTE DE TRANSITO ),1.3333333333333333
854,2023,10,Halloween,García Rovira,LESIONES CULPOSAS ( EN ACCIDENTE DE TRANSITO ),1.0
855,2023,10,Halloween,La Concordia,LESIONES PERSONALES,1.5
856,2023,10,Halloween,La Ciudadela,HURTO A PERSONAS,1.0
857,2023,10,Halloween,Sur Occidente,HURTO A PERSONAS,1.0
858,2023,10,Halloween,La Pedregosa,HOMICIDIO,1.0
859,2023,10,Halloween,Provenza,HURTO A MOTOCICLETAS,1.0
860,2023,10,Halloween,Sur,HURTO A PERSONAS,1.0
861,2023,10,Halloween,Cabecera del Llano,VIOLENCIA INTRAFAMILIAR,1.5
862,2023,10,Halloween,Oriental,LESIONES PERSONALES,2.5
863,2023,10,Halloween,Morrorico,LESIONES PERSONALES,1.0
864,2023,10,Halloween,Centro,LESIONES CULPOSAS ( EN ACCIDENTE DE TRANSITO ),2.5
865,2023,10,Halloween,Lagos del Cacique,LESIONES CULPOSAS ( EN ACCIDENTE DE TRANSITO ),1.0
866,2023,10,Halloween,Mutis,HURTO A PERSONAS,2.0
867,2023,11,Domingo,Norte,LESIONES CULPOSAS ( EN ACCIDENTE DE TRANSITO ),6.0
868,2023,11,Domingo,Nor Oriental,LESIONES PERSONALES,3.0
869,2023,11,Domingo,San Francisco,LESIONES PERSONALES,3.0
870,2023,11,Domingo,Occidental,LESIONES CULPOSAS ( EN ACCIDENTE DE TRANSITO ),2.0
871,2023,11,Domingo,García Rovira,LESIONES CULPOSAS ( EN ACCIDENTE DE TRANSITO ),1.5
872,2023,11,Domingo,La Concordia,VIOLENCIA INTRAFAMILIAR,3.5
873,2023,11,Domingo,La Ciudadela,LESIONES PERSONALES,1.5
874,2023,11,Domingo,Sur Occidente,LESIONES CULPOSAS ( EN ACCIDENTE DE TRANSITO ),2.3333333333333335
875,2023,11,Domingo,La Pedregosa,VIOLENCIA INTRAFAMILIAR,4.0
876,2023,11,Domingo,Provenza,VIOLENCIA INTRAFAMILIAR,2.75
877,2023,11,Domingo,Sur,HOMICIDIO,1.25
878,2023,11,Domingo,Cabecera del Llano,HURTO A ENTIDADES COMERCIALES,3.6
879,2023,11,Domingo,Oriental,VIOLENCIA INTRAFAMILIAR,2.3333333333333335
880,2023,11,Domingo,Morrorico,VIOLENCIA INTRAFAMILIAR,3.0
881,2023,11,Domingo,Centro,LESIONES PERSONALES,8.0
882,2023,11,Domingo,Lagos del Cacique,LESIONES CULPOSAS ( EN ACCIDENTE DE TRANSITO ),3.0
883,2023,11,Domingo,Mutis,VIOLENCIA INTRAFAMILIAR,1.0
884,2023,11,Dia de la Policia,Norte,LESIONES PERSONALES,2.0
885,2023,11,Dia de la Policia,Nor Oriental,LESIONES PERSONALES,2.0
886,2023,11,Dia de la Policia,San Francisco,LESIONES PERSONALES,1.0
887,2023,11,Dia de la Policia,Occidental,LESIONES CULPOSAS ( EN ACCIDENTE DE TRANSITO ),1.3333333333333333
888,2023,11,Dia de la Policia,García Rovira,LESIONES CULPOSAS ( EN ACCIDENTE DE TRANSITO ),1.0
889,2023,11,Dia de la Policia,La Concordia,LESIONES PERSONALES,1.5
890,2023,11,Dia de la Policia,La Ciudadela,HURTO A PERSONAS,2.0
891,2023,11,Dia de la Policia,Sur Occidente,HURTO A PERSONAS,2.0
892,2023,11,Dia de la Policia,La Pedregosa,HURTO A PERSONAS,2.0
893,2023,11,Dia de la Policia,Provenza,HURTO A PERSONAS,2.0
894,2023,11,Dia de la Policia,Sur,HURTO A PERSONAS,2.0
895,2023,11,Dia de la Policia,Cabecera del Llano,LESIONES PERSONALES,1.5
896,2023,11,Dia de la Policia,Oriental,HURTO A ENTIDADES COMERCIALES,5.5
897,2023,11,Dia de la Policia,Morrorico,HURTO A PERSONAS,2.0
898,2023,11,Dia de la Policia,Centro,HURTO A PERSONAS,6.0
899,2023,11,Dia de la Policia,Lagos del Cacique,HURTO A MOTOCICLETAS,1.0
900,2023,11,Dia de la Policia,Mutis,HURTO A MOTOCICLETAS,1.0
901,2023,11,Dia de todos los Santos,Norte,LESIONES PERSONALES,2.0
902,2023,11,Dia de todos los Santos,Nor Oriental,LESIONES PERSONALES,2.0
903,2023,11,Dia de todos los Santos,San Francisco,LESIONES PERSONALES,1.0
904,2023,11,Dia de todos los Santos,Occidental,LESIONES CULPOSAS ( EN ACCIDENTE DE TRANSITO ),1.3333333333333333
905,2023,11,Dia de todos los Santos,García Rovira,LESIONES CULPOSAS ( EN ACCIDENTE DE TRANSITO ),1.0
906,2023,11,Dia de todos los Santos,La Concordia,LESIONES PERSONALES,1.5
907,2023,11,Dia de todos los Santos,La Ciudadela,HURTO A PERSONAS,2.0
908,2023,11,Dia de todos los Santos,Sur Occidente,HURTO A PERSONAS,2.0
909,2023,11,Dia de todos los Santos,La Pedregosa,HURTO A PERSONAS,2.0
910,2023,11,Dia de todos los Santos,Provenza,HURTO A PERSONAS,2.0
911,2023,11,Dia de todos los Santos,Sur,LESIONES PERSONALES,2.5
912,2023,11,Dia de todos los Santos,Cabecera del Llano,LESIONES PERSONALES,1.5
913,2023,11,Dia de todos los Santos,Oriental,VIOLENCIA INTRAFAMILIAR,2.5
914,2023,11,Dia de todos los Santos,Morrorico,HURTO A PERSONAS,2.0
915,2023,11,Dia de todos los Santos,Centro,HURTO A PERSONAS,6.0
916,2023,11,Dia de todos los Santos,Lagos del Cacique,HURTO A PERSONAS,2.0
917,2023,11,Dia de todos los Santos,Mutis,HURTO A PERSONAS,2.0
918,2023,11,Independencia de Cartagena,Norte,LESIONES PERSONALES,2.0
919,2023,11,Independencia de Cartagena,Nor Oriental,LESIONES PERSONALES,2.0
920,2023,11,Independencia de Cartagena,San Francisco,LESIONES PERSONALES,1.0
921,2023,11,Independencia de Cartagena,Occidental,LESIONES CULPOSAS ( EN ACCIDENTE DE TRANSITO ),1.3333333333333333
922,2023,11,Independencia de Cartagena,García Rovira,LESIONES CULPOSAS ( EN ACCIDENTE DE TRANSITO ),1.0
923,2023,11,Independencia de Cartagena,La Concordia,LESIONES PERSONALES,1.5
924,2023,11,Independencia de Cartagena,La Ciudadela,HURTO A PERSONAS,2.0
925,2023,11,Independencia de Cartagena,Sur Occidente,HURTO A PERSONAS,2.0
926,2023,11,Independencia de Cartagena,La Pedregosa,HURTO A PERSONAS,2.0
927,2023,11,Independencia de Cartagena,Provenza,HURTO A PERSONAS,2.0
928,2023,11,Independencia de Cartagena,Sur,HURTO A PERSONAS,2.0
929,2023,11,Independencia de Cartagena,Cabecera del Llano,VIOLENCIA INTRAFAMILIAR,1.75
930,2023,11,Independencia de Cartagena,Oriental,VIOLENCIA INTRAFAMILIAR,1.5
931,2023,11,Independencia de Cartagena,Morrorico,VIOLENCIA INTRAFAMILIAR,1.5
932,2023,11,Independencia de Cartagena,Centro,LESIONES PERSONALES,1.0
933,2023,11,Independencia de Cartagena,Lagos del Cacique,LESIONES PERSONALES,1.0
934,2023,11,Independencia de Cartagena,Mutis,LESIONES PERSONALES,1.0
935,2023,12,Domingo,Norte,LESIONES CULPOSAS ( EN ACCIDENTE DE TRANSITO ),6.0
936,2023,12,Domingo,Nor Oriental,LESIONES PERSONALES,3.0
937,2023,12,Domingo,San Francisco,LESIONES PERSONALES,3.0
938,2023,12,Domingo,Occidental,LESIONES CULPOSAS ( EN ACCIDENTE DE TRANSITO ),2.0
939,2023,12,Domingo,García Rovira,LESIONES CULPOSAS ( EN ACCIDENTE DE TRANSITO ),1.5
940,2023,12,Domingo,La Concordia,VIOLENCIA INTRAFAMILIAR,6.0
941,2023,12,Domingo,La Ciudadela,LESIONES PERSONALES,1.5
942,2023,12,Domingo,Sur Occidente,LESIONES CULPOSAS ( EN ACCIDENTE DE TRANSITO ),2.3333333333333335
943,2023,12,Domingo,La Pedregosa,VIOLENCIA INTRAFAMILIAR,4.0
944,2023,12,Domingo,Provenza,VIOLENCIA INTRAFAMILIAR,2.75
945,2023,12,Domingo,Sur,HOMICIDIO,1.25
946,2023,12,Domingo,Cabecera del Llano,LESIONES CULPOSAS ( EN ACCIDENTE DE TRANSITO ),9.0
947,2023,12,Domingo,Oriental,VIOLENCIA INTRAFAMILIAR,5.5
948,2023,12,Domingo,Morrorico,VIOLENCIA INTRAFAMILIAR,3.0
949,2023,12,Domingo,Centro,LESIONES PERSONALES,10.5
950,2023,12,Domingo,Lagos del Cacique,LESIONES CULPOSAS ( EN ACCIDENTE DE TRANSITO ),3.0
951,2023,12,Domingo,Mutis,VIOLENCIA INTRAFAMILIAR,1.0
952,2023,12,Dia de las Velitas,Norte,LESIONES PERSONALES,2.0
953,2023,12,Dia de las Velitas,Nor Oriental,LESIONES PERSONALES,2.0
954,2023,12,Dia de las Velitas,San Francisco,LESIONES PERSONALES,1.0
955,2023,12,Dia de las Velitas,Occidental,LESIONES CULPOSAS ( EN ACCIDENTE DE TRANSITO ),1.3333333333333333
956,2023,12,Dia de las Velitas,García Rovira,LESIONES CULPOSAS ( EN ACCIDENTE DE TRANSITO ),1.0
957,2023,12,Dia de las Velitas,La Concordia,LESIONES PERSONALES,1.5
958,2023,12,Dia de las Velitas,La Ciudadela,HURTO A PERSONAS,4.0
959,2023,12,Dia de las Velitas,Sur Occidente,LESIONES PERSONALES,1.0
960,2023,12,Dia de las Velitas,La Pedregosa,HURTO A PERSONAS,4.0
961,2023,12,Dia de las Velitas,Provenza,HURTO A PERSONAS,4.0
962,2023,12,Dia de las Velitas,Sur,LESIONES CULPOSAS ( EN ACCIDENTE DE TRANSITO ),1.5
963,2023,12,Dia de las Velitas,Cabecera del Llano,HURTO A PERSONAS,6.0
964,2023,12,Dia de las Velitas,Oriental,VIOLENCIA INTRAFAMILIAR,4.5
965,2023,12,Dia de las Velitas,Morrorico,VIOLENCIA INTRAFAMILIAR,4.5
966,2023,12,Dia de las Velitas,Centro,LESIONES PERSONALES,3.5
967,2023,12,Dia de las Velitas,Lagos del Cacique,VIOLENCIA INTRAFAMILIAR,1.5
968,2023,12,Dia de las Velitas,Mutis,VIOLENCIA INTRAFAMILIAR,1.0
969,2023,12,Inmaculada Concepcion,Norte,LESIONES PERSONALES,2.0
970,2023,12,Inmaculada Concepcion,Nor Oriental,LESIONES PERSONALES,2.0
971,2023,12,Inmaculada Concepcion,San Francisco,LESIONES PERSONALES,1.0
972,2023,12,Inmaculada Concepcion,Occidental,LESIONES CULPOSAS ( EN ACCIDENTE DE TRANSITO ),1.3333333333333333
973,2023,12,Inmaculada Concepcion,García Rovira,LESIONES CULPOSAS ( EN ACCIDENTE DE TRANSITO ),1.0
974,2023,12,Inmaculada Concepcion,La Concordia,LESIONES PERSONALES,1.5
975,2023,12,Inmaculada Concepcion,La Ciudadela,HURTO A RESIDENCIAS,1.0
976,2023,12,Inmaculada Concepcion,Sur Occidente,HURTO A RESIDENCIAS,1.0
977,2023,12,Inmaculada Concepcion,La Pedregosa,HURTO A RESIDENCIAS,1.0
978,2023,12,Inmaculada Concepcion,Provenza,HURTO A RESIDENCIAS,1.0
979,2023,12,Inmaculada Concepcion,Sur,HURTO A PERSONAS,4.0
980,2023,12,Inmaculada Concepcion,Cabecera del Llano,HURTO A PERSONAS,4.0
981,2023,12,Inmaculada Concepcion,Oriental,HURTO A RESIDENCIAS,1.0
982,2023,12,Inmaculada Concepcion,Morrorico,HOMICIDIO,1.0
983,2023,12,Inmaculada Concepcion,Centro,HURTO A RESIDENCIAS,1.5
984,2023,12,Inmaculada Concepcion,Lagos del Cacique,HURTO A RESIDENCIAS,1.5
985,2023,12,Inmaculada Concepcion,Mutis,HURTO A RESIDENCIAS,1.5
986,2023,12,Noche Buena,Norte,LESIONES PERSONALES,2.0
987,2023,12,Noche Buena,Nor Oriental,LESIONES PERSONALES,2.0
988,2023,12,Noche Buena,San Francisco,LESIONES PERSONALES,1.0
989,2023,12,Noche Buena,Occidental,LESIONES CULPOSAS ( EN ACCIDENTE DE TRANSITO ),1.3333333333333333
990,2023,12,Noche Buena,García Rovira,LESIONES CULPOSAS ( EN ACCIDENTE DE TRANSITO ),1.0
991,2023,12,Noche Buena,La Concordia,LESIONES PERSONALES,1.5
992,2023,12,Noche Buena,La Ciudadela,HURTO A PERSONAS,4.0
993,2023,12,Noche Buena,Sur Occidente,HURTO A PERSONAS,2.0
994,2023,12,Noche Buena,La Pedregosa,HURTO A PERSONAS,4.0
995,2023,12,Noche Buena,Provenza,HURTO A PERSONAS,4.0
996,2023,12,Noche Buena,Sur,HOMICIDIO,1.0
997,2023,12,Noche Buena,Cabecera del Llano,HURTO A PERSONAS,2.0
998,2023,12,Noche Buena,Oriental,HURTO A PERSONAS,2.0
999,2023,12,Noche Buena,Morrorico,VIOLENCIA INTRAFAMILIAR,2.0
1000,2023,12,Noche Buena,Centro,LESIONES PERSONALES,5.5
1001,2023,12,Noche Buena,Lagos del Cacique,VIOLENCIA INTRAFAMILIAR,2.0
1002,2023,12,Noche Buena,Mutis,VIOLENCIA INTRAFAMILIAR,2.0
1003,2023,12,Navidad,Norte,LESIONES PERSONALES,2.0
1004,2023,12,Navidad,Nor Oriental,LESIONES PERSONALES,2.0
1005,2023,12,Navidad,San Francisco,LESIONES PERSONALES,1.0
1006,2023,12,Navidad,Occidental,LESIONES CULPOSAS ( EN ACCIDENTE DE TRANSITO ),1.3333333333333333
1007,2023,12,Navidad,García Rovira,LESIONES CULPOSAS ( EN ACCIDENTE DE TRANSITO ),1.0
1008,2023,12,Navidad,La Concordia,LESIONES PERSONALES,1.5
1009,2023,12,Navidad,La Ciudadela,HURTO A PERSONAS,2.0
1010,2023,12,Navidad,Sur Occidente,LESIONES PERSONALES,3.5
1011,2023,12,Navidad,La Pedregosa,LESIONES CULPOSAS ( EN ACCIDENTE DE TRANSITO ),2.0
1012,2023,12,Navidad,Provenza,VIOLENCIA INTRAFAMILIAR,1.0
1013,2023,12,Navidad,Sur,HOMICIDIO,1.0
1014,2023,12,Navidad,Cabecera del Llano,LESIONES CULPOSAS ( EN ACCIDENTE DE TRANSITO ),1.3333333333333333
1015,2023,12,Navidad,Oriental,LESIONES PERSONALES,2.0
1016,2023,12,Navidad,Morrorico,LESIONES CULPOSAS ( EN ACCIDENTE DE TRANSITO ),2.0
1017,2023,12,Navidad,Centro,LESIONES CULPOSAS ( EN ACCIDENTE DE TRANSITO ),2.0
1018,2023,12,Navidad,Lagos del Cacique,LESIONES PERSONALES,1.0
1019,2023,12,Navidad,Mutis,LESIONES PERSONALES,4.0
1020,2023,12,Dia de los Inocentes,Norte,LESIONES PERSONALES,2.0
1021,2023,12,Dia de los Inocentes,Nor Oriental,LESIONES PERSONALES,2.0
1022,2023,12,Dia de los Inocentes,San Francisco,LESIONES PERSONALES,1.0
1023,2023,12,Dia de los Inocentes,Occidental,LESIONES CULPOSAS ( EN ACCIDENTE DE TRANSITO ),1.3333333333333333
1024,2023,12,Dia de los Inocentes,García Rovira,LESIONES CULPOSAS ( EN ACCIDENTE DE TRANSITO ),1.0
1025,2023,12,Dia de los Inocentes,La Concordia,LESIONES PERSONALES,1.5
1026,2023,12,Dia de los Inocentes,La Ciudadela,HURTO A PERSONAS,2.0
1027,2023,12,Dia de los Inocentes,Sur Occidente,HURTO A PERSONAS,2.0
1028,2023,12,Dia de los Inocentes,La Pedregosa,HURTO A PERSONAS,2.0
1029,2023,12,Dia de los Inocentes,Provenza,HURTO A PERSONAS,2.0
1030,2023,12,Dia de los Inocentes,Sur,VIOLENCIA INTRAFAMILIAR,2.0
1031,2023,12,Dia de los Inocentes,Cabecera del Llano,HURTO A PERSONAS,6.0
1032,2023,12,Dia de los Inocentes,Oriental,HURTO A PERSONAS,20.0
1033,2023,12,Dia de los Inocentes,Morrorico,LESIONES PERSONALES,1.5
1034,2023,12,Dia de los Inocentes,Centro,HURTO A PERSONAS,14.0
1035,2023,12,Dia de los Inocentes,Lagos del Cacique,HURTO A PERSONAS,2.0
1036,2023,12,Dia de los Inocentes,Mutis,HURTO A MOTOCICLETAS,1.0
1037,2023,12,Año Viejo,Norte,LESIONES PERSONALES,2.0
1038,2023,12,Año Viejo,Nor Oriental,LESIONES PERSONALES,2.0
1039,2023,12,Año Viejo,San Francisco,LESIONES PERSONALES,1.0
1040,2023,12,Año Viejo,Occidental,LESIONES CULPOSAS ( EN ACCIDENTE DE TRANSITO ),1.3333333333333333
1041,2023,12,Año Viejo,García Rovira,LESIONES CULPOSAS ( EN ACCIDENTE DE TRANSITO ),1.0
1042,2023,12,Año Viejo,La Concordia,LESIONES PERSONALES,1.5
1043,2023,12,Año Viejo,La Ciudadela,HURTO A PERSONAS,4.0
1044,2023,12,Año Viejo,Sur Occidente,HURTO A PERSONAS,2.0
1045,2023,12,Año Viejo,La Pedregosa,HURTO A ENTIDADES COMERCIALES,1.0
1046,2023,12,Año Viejo,Provenza,HURTO A PERSONAS,2.0
1047,2023,12,Año Viejo,Sur,HOMICIDIO,1.0
1048,2023,12,Año Viejo,Cabecera del Llano,VIOLENCIA INTRAFAMILIAR,3.0
1049,2023,12,Año Viejo,Oriental,LESIONES CULPOSAS ( EN ACCIDENTE DE TRANSITO ),2.0
1050,2023,12,Año Viejo,Morrorico,LESIONES CULPOSAS ( EN ACCIDENTE DE TRANSITO ),2.0
1051,2023,12,Año Viejo,Centro,HURTO A PERSONAS,28.0
1052,2023,12,Año Viejo,Lagos del Cacique,HURTO A PERSONAS,2.0
1053,2023,12,Año Viejo,Mutis,LESIONES PERSONALES,1.5
